sample_id	cluster_id	abundance	member_taxids	member_taxa	read_count	matched_genera
barcode16_120_filtered	1	0.000625	233055	233055||Bacillota|Clostridia|Eubacteriales|Desulfitobacteriaceae|Desulfitobacterium|Desulfitobacterium dichloroeliminans	29.000000	Desulfitobacterium
barcode17_120_filtered	1	0.000941	233055	233055||Bacillota|Clostridia|Eubacteriales|Desulfitobacteriaceae|Desulfitobacterium|Desulfitobacterium dichloroeliminans	44.000000	Desulfitobacterium
barcode18_120_filtered	1	0.000472	233055	233055||Bacillota|Clostridia|Eubacteriales|Desulfitobacteriaceae|Desulfitobacterium|Desulfitobacterium dichloroeliminans	21.984717	Desulfitobacterium
barcode13_120_filtered	16	0.003541	3375356	3375356||Bacillota|Clostridia|Eubacteriales|Desulfitobacteriaceae|Desulfitobacterium|Desulfitobacterium nosdiversum	165.228388	Desulfitobacterium
barcode14_120_filtered	16	0.003494	3375356	3375356||Bacillota|Clostridia|Eubacteriales|Desulfitobacteriaceae|Desulfitobacterium|Desulfitobacterium nosdiversum	163.317789	Desulfitobacterium
barcode15_120_filtered	16	0.001983	3375356	3375356||Bacillota|Clostridia|Eubacteriales|Desulfitobacteriaceae|Desulfitobacterium|Desulfitobacterium nosdiversum	92.806765	Desulfitobacterium
barcode16_120_filtered	16	0.000979	3375356	3375356||Bacillota|Clostridia|Eubacteriales|Desulfitobacteriaceae|Desulfitobacterium|Desulfitobacterium nosdiversum	45.420581	Desulfitobacterium
barcode17_120_filtered	16	0.000501	3375356	3375356||Bacillota|Clostridia|Eubacteriales|Desulfitobacteriaceae|Desulfitobacterium|Desulfitobacterium nosdiversum	23.442956	Desulfitobacterium
barcode18_120_filtered	16	0.001366	3375356	3375356||Bacillota|Clostridia|Eubacteriales|Desulfitobacteriaceae|Desulfitobacterium|Desulfitobacterium nosdiversum	63.633047	Desulfitobacterium
barcode13_120_filtered	22	0.002236	335605;386874;2303576;2904799;2908206;2908208;2992113	335605||Pseudomonadota|Alphaproteobacteria|Sphingomonadales|Sphingomonadaceae|Sphingomonas|Sphingomonas rosea;386874||Pseudomonadota|Alphaproteobacteria|Sphingomonadales|Sphingomonadaceae|Sphingomonas|Sphingomonas sediminicola;2303576||Pseudomonadota|Alphaproteobacteria|Sphingomonadales|Sphingomonadaceae|Sphingomonas|Sphingomonas mesophila;2904799||Pseudomonadota|Alphaproteobacteria|Sphingomonadales|Sphingomonadaceae|Sphingomonas|Sphingomonas cremea;2908206||Pseudomonadota|Alphaproteobacteria|Sphingomonadales|Sphingomonadaceae|Sphingomonas|Sphingomonas brevis;2908208||Pseudomonadota|Alphaproteobacteria|Sphingomonadales|Sphingomonadaceae|Sphingomonas|Sphingomonas alba;2992113||Pseudomonadota|Alphaproteobacteria|Sphingomonadales|Sphingomonadaceae|Sphingomonas|Sphingomonas arvum	104.334575	Sphingomonas
barcode14_120_filtered	22	0.003855	335605;386874;2303576;2904799;2908206;2908208;2992113	335605||Pseudomonadota|Alphaproteobacteria|Sphingomonadales|Sphingomonadaceae|Sphingomonas|Sphingomonas rosea;386874||Pseudomonadota|Alphaproteobacteria|Sphingomonadales|Sphingomonadaceae|Sphingomonas|Sphingomonas sediminicola;2303576||Pseudomonadota|Alphaproteobacteria|Sphingomonadales|Sphingomonadaceae|Sphingomonas|Sphingomonas mesophila;2904799||Pseudomonadota|Alphaproteobacteria|Sphingomonadales|Sphingomonadaceae|Sphingomonas|Sphingomonas cremea;2908206||Pseudomonadota|Alphaproteobacteria|Sphingomonadales|Sphingomonadaceae|Sphingomonas|Sphingomonas brevis;2908208||Pseudomonadota|Alphaproteobacteria|Sphingomonadales|Sphingomonadaceae|Sphingomonas|Sphingomonas alba;2992113||Pseudomonadota|Alphaproteobacteria|Sphingomonadales|Sphingomonadaceae|Sphingomonas|Sphingomonas arvum	180.204855	Sphingomonas
barcode15_120_filtered	22	0.003602	335605;386874;2303576;2904799;2908206;2908208;2992113	335605||Pseudomonadota|Alphaproteobacteria|Sphingomonadales|Sphingomonadaceae|Sphingomonas|Sphingomonas rosea;386874||Pseudomonadota|Alphaproteobacteria|Sphingomonadales|Sphingomonadaceae|Sphingomonas|Sphingomonas sediminicola;2303576||Pseudomonadota|Alphaproteobacteria|Sphingomonadales|Sphingomonadaceae|Sphingomonas|Sphingomonas mesophila;2904799||Pseudomonadota|Alphaproteobacteria|Sphingomonadales|Sphingomonadaceae|Sphingomonas|Sphingomonas cremea;2908206||Pseudomonadota|Alphaproteobacteria|Sphingomonadales|Sphingomonadaceae|Sphingomonas|Sphingomonas brevis;2908208||Pseudomonadota|Alphaproteobacteria|Sphingomonadales|Sphingomonadaceae|Sphingomonas|Sphingomonas alba;2992113||Pseudomonadota|Alphaproteobacteria|Sphingomonadales|Sphingomonadaceae|Sphingomonas|Sphingomonas arvum	168.597728	Sphingomonas
barcode16_120_filtered	22	0.005390	335605;386874;2303576;2904799;2908206;2908208;2992113	335605||Pseudomonadota|Alphaproteobacteria|Sphingomonadales|Sphingomonadaceae|Sphingomonas|Sphingomonas rosea;386874||Pseudomonadota|Alphaproteobacteria|Sphingomonadales|Sphingomonadaceae|Sphingomonas|Sphingomonas sediminicola;2303576||Pseudomonadota|Alphaproteobacteria|Sphingomonadales|Sphingomonadaceae|Sphingomonas|Sphingomonas mesophila;2904799||Pseudomonadota|Alphaproteobacteria|Sphingomonadales|Sphingomonadaceae|Sphingomonas|Sphingomonas cremea;2908206||Pseudomonadota|Alphaproteobacteria|Sphingomonadales|Sphingomonadaceae|Sphingomonas|Sphingomonas brevis;2908208||Pseudomonadota|Alphaproteobacteria|Sphingomonadales|Sphingomonadaceae|Sphingomonas|Sphingomonas alba;2992113||Pseudomonadota|Alphaproteobacteria|Sphingomonadales|Sphingomonadaceae|Sphingomonas|Sphingomonas arvum	250.196590	Sphingomonas
barcode17_120_filtered	22	0.005655	335605;386874;2303576;2904799;2908206;2908208;2992113	335605||Pseudomonadota|Alphaproteobacteria|Sphingomonadales|Sphingomonadaceae|Sphingomonas|Sphingomonas rosea;386874||Pseudomonadota|Alphaproteobacteria|Sphingomonadales|Sphingomonadaceae|Sphingomonas|Sphingomonas sediminicola;2303576||Pseudomonadota|Alphaproteobacteria|Sphingomonadales|Sphingomonadaceae|Sphingomonas|Sphingomonas mesophila;2904799||Pseudomonadota|Alphaproteobacteria|Sphingomonadales|Sphingomonadaceae|Sphingomonas|Sphingomonas cremea;2908206||Pseudomonadota|Alphaproteobacteria|Sphingomonadales|Sphingomonadaceae|Sphingomonas|Sphingomonas brevis;2908208||Pseudomonadota|Alphaproteobacteria|Sphingomonadales|Sphingomonadaceae|Sphingomonas|Sphingomonas alba;2992113||Pseudomonadota|Alphaproteobacteria|Sphingomonadales|Sphingomonadaceae|Sphingomonas|Sphingomonas arvum	264.357220	Sphingomonas
barcode18_120_filtered	22	0.003992	335605;386874;2303576;2904799;2908206;2908208;2992113	335605||Pseudomonadota|Alphaproteobacteria|Sphingomonadales|Sphingomonadaceae|Sphingomonas|Sphingomonas rosea;386874||Pseudomonadota|Alphaproteobacteria|Sphingomonadales|Sphingomonadaceae|Sphingomonas|Sphingomonas sediminicola;2303576||Pseudomonadota|Alphaproteobacteria|Sphingomonadales|Sphingomonadaceae|Sphingomonas|Sphingomonas mesophila;2904799||Pseudomonadota|Alphaproteobacteria|Sphingomonadales|Sphingomonadaceae|Sphingomonas|Sphingomonas cremea;2908206||Pseudomonadota|Alphaproteobacteria|Sphingomonadales|Sphingomonadaceae|Sphingomonas|Sphingomonas brevis;2908208||Pseudomonadota|Alphaproteobacteria|Sphingomonadales|Sphingomonadaceae|Sphingomonas|Sphingomonas alba;2992113||Pseudomonadota|Alphaproteobacteria|Sphingomonadales|Sphingomonadaceae|Sphingomonas|Sphingomonas arvum	186.004315	Sphingomonas
barcode13_120_filtered	23	0.000579	2590199;2918171;2922725;2925406	2590199||Myxococcota|Myxococcia|Myxococcales|Anaeromyxobacteraceae|Anaeromyxobacter|Anaeromyxobacter diazotrophicus;2918171||Myxococcota|Myxococcia|Myxococcales|Anaeromyxobacteraceae|Anaeromyxobacter|Anaeromyxobacter paludicola;2922725||Myxococcota|Myxococcia|Myxococcales|Anaeromyxobacteraceae|Anaeromyxobacter|Anaeromyxobacter soli;2925406||Myxococcota|Myxococcia|Myxococcales|Anaeromyxobacteraceae|Anaeromyxobacter|Anaeromyxobacter terrae	27.000000	Anaeromyxobacter
barcode14_120_filtered	23	0.000663	2590199;2918171;2922725;2925406	2590199||Myxococcota|Myxococcia|Myxococcales|Anaeromyxobacteraceae|Anaeromyxobacter|Anaeromyxobacter diazotrophicus;2918171||Myxococcota|Myxococcia|Myxococcales|Anaeromyxobacteraceae|Anaeromyxobacter|Anaeromyxobacter paludicola;2922725||Myxococcota|Myxococcia|Myxococcales|Anaeromyxobacteraceae|Anaeromyxobacter|Anaeromyxobacter soli;2925406||Myxococcota|Myxococcia|Myxococcales|Anaeromyxobacteraceae|Anaeromyxobacter|Anaeromyxobacter terrae	31.000000	Anaeromyxobacter
barcode15_120_filtered	23	0.001282	2590199;2918171;2922725;2925406	2590199||Myxococcota|Myxococcia|Myxococcales|Anaeromyxobacteraceae|Anaeromyxobacter|Anaeromyxobacter diazotrophicus;2918171||Myxococcota|Myxococcia|Myxococcales|Anaeromyxobacteraceae|Anaeromyxobacter|Anaeromyxobacter paludicola;2922725||Myxococcota|Myxococcia|Myxococcales|Anaeromyxobacteraceae|Anaeromyxobacter|Anaeromyxobacter soli;2925406||Myxococcota|Myxococcia|Myxococcales|Anaeromyxobacteraceae|Anaeromyxobacter|Anaeromyxobacter terrae	60.000000	Anaeromyxobacter
barcode16_120_filtered	23	0.005752	2590199;2918171;2922725;2925406	2590199||Myxococcota|Myxococcia|Myxococcales|Anaeromyxobacteraceae|Anaeromyxobacter|Anaeromyxobacter diazotrophicus;2918171||Myxococcota|Myxococcia|Myxococcales|Anaeromyxobacteraceae|Anaeromyxobacter|Anaeromyxobacter paludicola;2922725||Myxococcota|Myxococcia|Myxococcales|Anaeromyxobacteraceae|Anaeromyxobacter|Anaeromyxobacter soli;2925406||Myxococcota|Myxococcia|Myxococcales|Anaeromyxobacteraceae|Anaeromyxobacter|Anaeromyxobacter terrae	266.980896	Anaeromyxobacter
barcode17_120_filtered	23	0.006331	2590199;2918171;2922725;2925406	2590199||Myxococcota|Myxococcia|Myxococcales|Anaeromyxobacteraceae|Anaeromyxobacter|Anaeromyxobacter diazotrophicus;2918171||Myxococcota|Myxococcia|Myxococcales|Anaeromyxobacteraceae|Anaeromyxobacter|Anaeromyxobacter paludicola;2922725||Myxococcota|Myxococcia|Myxococcales|Anaeromyxobacteraceae|Anaeromyxobacter|Anaeromyxobacter soli;2925406||Myxococcota|Myxococcia|Myxococcales|Anaeromyxobacteraceae|Anaeromyxobacter|Anaeromyxobacter terrae	296.000000	Anaeromyxobacter
barcode18_120_filtered	23	0.004035	2590199;2918171;2922725;2925406	2590199||Myxococcota|Myxococcia|Myxococcales|Anaeromyxobacteraceae|Anaeromyxobacter|Anaeromyxobacter diazotrophicus;2918171||Myxococcota|Myxococcia|Myxococcales|Anaeromyxobacteraceae|Anaeromyxobacter|Anaeromyxobacter paludicola;2922725||Myxococcota|Myxococcia|Myxococcales|Anaeromyxobacteraceae|Anaeromyxobacter|Anaeromyxobacter soli;2925406||Myxococcota|Myxococcia|Myxococcales|Anaeromyxobacteraceae|Anaeromyxobacter|Anaeromyxobacter terrae	188.000000	Anaeromyxobacter
barcode13_120_filtered	38	0.000910	36854;49338	36854||Bacillota|Clostridia|Eubacteriales|Desulfitobacteriaceae|Desulfitobacterium|Desulfitobacterium dehalogenans;49338||Bacillota|Clostridia|Eubacteriales|Desulfitobacteriaceae|Desulfitobacterium|Desulfitobacterium hafniense	42.448998	Desulfitobacterium
barcode14_120_filtered	38	0.001045	36854;49338	36854||Bacillota|Clostridia|Eubacteriales|Desulfitobacteriaceae|Desulfitobacterium|Desulfitobacterium dehalogenans;49338||Bacillota|Clostridia|Eubacteriales|Desulfitobacteriaceae|Desulfitobacterium|Desulfitobacterium hafniense	48.831560	Desulfitobacterium
barcode15_120_filtered	38	0.001115	36854;49338	36854||Bacillota|Clostridia|Eubacteriales|Desulfitobacteriaceae|Desulfitobacterium|Desulfitobacterium dehalogenans;49338||Bacillota|Clostridia|Eubacteriales|Desulfitobacteriaceae|Desulfitobacterium|Desulfitobacterium hafniense	52.185993	Desulfitobacterium
barcode16_120_filtered	38	0.002499	36854;49338	36854||Bacillota|Clostridia|Eubacteriales|Desulfitobacteriaceae|Desulfitobacterium|Desulfitobacterium dehalogenans;49338||Bacillota|Clostridia|Eubacteriales|Desulfitobacteriaceae|Desulfitobacterium|Desulfitobacterium hafniense	115.985244	Desulfitobacterium
barcode17_120_filtered	38	0.001088	36854;49338	36854||Bacillota|Clostridia|Eubacteriales|Desulfitobacteriaceae|Desulfitobacterium|Desulfitobacterium dehalogenans;49338||Bacillota|Clostridia|Eubacteriales|Desulfitobacteriaceae|Desulfitobacterium|Desulfitobacterium hafniense	50.878506	Desulfitobacterium
barcode18_120_filtered	38	0.002039	36854;49338	36854||Bacillota|Clostridia|Eubacteriales|Desulfitobacteriaceae|Desulfitobacterium|Desulfitobacterium dehalogenans;49338||Bacillota|Clostridia|Eubacteriales|Desulfitobacteriaceae|Desulfitobacterium|Desulfitobacterium hafniense	95.016393	Desulfitobacterium
barcode13_120_filtered	79	0.000472	65655	65655||Pseudomonadota|Betaproteobacteria|Burkholderiales|Comamonadaceae|Hydrogenophaga|Hydrogenophaga palleronii	22.000000	Hydrogenophaga
barcode14_120_filtered	79	0.000685	65655	65655||Pseudomonadota|Betaproteobacteria|Burkholderiales|Comamonadaceae|Hydrogenophaga|Hydrogenophaga palleronii	32.000145	Hydrogenophaga
barcode15_120_filtered	79	0.000748	65655	65655||Pseudomonadota|Betaproteobacteria|Burkholderiales|Comamonadaceae|Hydrogenophaga|Hydrogenophaga palleronii	35.000000	Hydrogenophaga
barcode16_120_filtered	79	0.000733	65655	65655||Pseudomonadota|Betaproteobacteria|Burkholderiales|Comamonadaceae|Hydrogenophaga|Hydrogenophaga palleronii	33.999364	Hydrogenophaga
barcode17_120_filtered	79	0.001476	65655	65655||Pseudomonadota|Betaproteobacteria|Burkholderiales|Comamonadaceae|Hydrogenophaga|Hydrogenophaga palleronii	68.999966	Hydrogenophaga
barcode18_120_filtered	79	0.000558	65655	65655||Pseudomonadota|Betaproteobacteria|Burkholderiales|Comamonadaceae|Hydrogenophaga|Hydrogenophaga palleronii	26.006714	Hydrogenophaga
barcode13_120_filtered	120	0.023539	397260;529705;1632740;2305907;2698828;2873268;3103142;3163295	397260||Pseudomonadota|Alphaproteobacteria|Sphingomonadales|Sphingomonadaceae|Sphingomonas|Sphingomonas sanxanigenens;529705||Pseudomonadota|Alphaproteobacteria|Sphingomonadales|Sphingomonadaceae|Sphingomonas|Sphingomonas changbaiensis;1632740||Pseudomonadota|Alphaproteobacteria|Sphingomonadales|Sphingomonadaceae|Sphingomonas|Sphingomonas zeicaulis;2305907||Pseudomonadota|Alphaproteobacteria|Sphingomonadales|Sphingomonadaceae|Sphingomonas|Sphingomonas gilva;2698828||Pseudomonadota|Alphaproteobacteria|Sphingomonadales|Sphingomonadaceae|Sphingomonas|Sphingomonas lacunae;2873268||Pseudomonadota|Alphaproteobacteria|Sphingomonadales|Sphingomonadaceae|Hephaestia|Hephaestia mangrovi;3103142||Pseudomonadota|Alphaproteobacteria|Sphingomonadales|Sphingomonadaceae|Sphingomonas|Sphingomonas rustica;3163295||Pseudomonadota|Alphaproteobacteria|Sphingomonadales|Sphingomonadaceae|Sphingomonas|Sphingomonas plantiphila	1098.310454	Sphingomonas
barcode14_120_filtered	120	0.032039	397260;529705;1632740;2305907;2698828;2873268;3103142;3163295	397260||Pseudomonadota|Alphaproteobacteria|Sphingomonadales|Sphingomonadaceae|Sphingomonas|Sphingomonas sanxanigenens;529705||Pseudomonadota|Alphaproteobacteria|Sphingomonadales|Sphingomonadaceae|Sphingomonas|Sphingomonas changbaiensis;1632740||Pseudomonadota|Alphaproteobacteria|Sphingomonadales|Sphingomonadaceae|Sphingomonas|Sphingomonas zeicaulis;2305907||Pseudomonadota|Alphaproteobacteria|Sphingomonadales|Sphingomonadaceae|Sphingomonas|Sphingomonas gilva;2698828||Pseudomonadota|Alphaproteobacteria|Sphingomonadales|Sphingomonadaceae|Sphingomonas|Sphingomonas lacunae;2873268||Pseudomonadota|Alphaproteobacteria|Sphingomonadales|Sphingomonadaceae|Hephaestia|Hephaestia mangrovi;3103142||Pseudomonadota|Alphaproteobacteria|Sphingomonadales|Sphingomonadaceae|Sphingomonas|Sphingomonas rustica;3163295||Pseudomonadota|Alphaproteobacteria|Sphingomonadales|Sphingomonadaceae|Sphingomonas|Sphingomonas plantiphila	1497.481225	Sphingomonas
barcode15_120_filtered	120	0.029503	397260;529705;1632740;2305907;2698828;2873268;3103142;3163295	397260||Pseudomonadota|Alphaproteobacteria|Sphingomonadales|Sphingomonadaceae|Sphingomonas|Sphingomonas sanxanigenens;529705||Pseudomonadota|Alphaproteobacteria|Sphingomonadales|Sphingomonadaceae|Sphingomonas|Sphingomonas changbaiensis;1632740||Pseudomonadota|Alphaproteobacteria|Sphingomonadales|Sphingomonadaceae|Sphingomonas|Sphingomonas zeicaulis;2305907||Pseudomonadota|Alphaproteobacteria|Sphingomonadales|Sphingomonadaceae|Sphingomonas|Sphingomonas gilva;2698828||Pseudomonadota|Alphaproteobacteria|Sphingomonadales|Sphingomonadaceae|Sphingomonas|Sphingomonas lacunae;2873268||Pseudomonadota|Alphaproteobacteria|Sphingomonadales|Sphingomonadaceae|Hephaestia|Hephaestia mangrovi;3103142||Pseudomonadota|Alphaproteobacteria|Sphingomonadales|Sphingomonadaceae|Sphingomonas|Sphingomonas rustica;3163295||Pseudomonadota|Alphaproteobacteria|Sphingomonadales|Sphingomonadaceae|Sphingomonas|Sphingomonas plantiphila	1381.073207	Sphingomonas
barcode16_120_filtered	120	0.046510	397260;529705;1632740;2305907;2698828;2873268;3103142;3163295	397260||Pseudomonadota|Alphaproteobacteria|Sphingomonadales|Sphingomonadaceae|Sphingomonas|Sphingomonas sanxanigenens;529705||Pseudomonadota|Alphaproteobacteria|Sphingomonadales|Sphingomonadaceae|Sphingomonas|Sphingomonas changbaiensis;1632740||Pseudomonadota|Alphaproteobacteria|Sphingomonadales|Sphingomonadaceae|Sphingomonas|Sphingomonas zeicaulis;2305907||Pseudomonadota|Alphaproteobacteria|Sphingomonadales|Sphingomonadaceae|Sphingomonas|Sphingomonas gilva;2698828||Pseudomonadota|Alphaproteobacteria|Sphingomonadales|Sphingomonadaceae|Sphingomonas|Sphingomonas lacunae;2873268||Pseudomonadota|Alphaproteobacteria|Sphingomonadales|Sphingomonadaceae|Hephaestia|Hephaestia mangrovi;3103142||Pseudomonadota|Alphaproteobacteria|Sphingomonadales|Sphingomonadaceae|Sphingomonas|Sphingomonas rustica;3163295||Pseudomonadota|Alphaproteobacteria|Sphingomonadales|Sphingomonadaceae|Sphingomonas|Sphingomonas plantiphila	2158.775109	Sphingomonas
barcode17_120_filtered	120	0.042364	397260;529705;1632740;2305907;2698828;2873268;3103142;3163295	397260||Pseudomonadota|Alphaproteobacteria|Sphingomonadales|Sphingomonadaceae|Sphingomonas|Sphingomonas sanxanigenens;529705||Pseudomonadota|Alphaproteobacteria|Sphingomonadales|Sphingomonadaceae|Sphingomonas|Sphingomonas changbaiensis;1632740||Pseudomonadota|Alphaproteobacteria|Sphingomonadales|Sphingomonadaceae|Sphingomonas|Sphingomonas zeicaulis;2305907||Pseudomonadota|Alphaproteobacteria|Sphingomonadales|Sphingomonadaceae|Sphingomonas|Sphingomonas gilva;2698828||Pseudomonadota|Alphaproteobacteria|Sphingomonadales|Sphingomonadaceae|Sphingomonas|Sphingomonas lacunae;2873268||Pseudomonadota|Alphaproteobacteria|Sphingomonadales|Sphingomonadaceae|Hephaestia|Hephaestia mangrovi;3103142||Pseudomonadota|Alphaproteobacteria|Sphingomonadales|Sphingomonadaceae|Sphingomonas|Sphingomonas rustica;3163295||Pseudomonadota|Alphaproteobacteria|Sphingomonadales|Sphingomonadaceae|Sphingomonas|Sphingomonas plantiphila	1980.549038	Sphingomonas
barcode18_120_filtered	120	0.044368	397260;529705;1632740;2305907;2698828;2873268;3103142;3163295	397260||Pseudomonadota|Alphaproteobacteria|Sphingomonadales|Sphingomonadaceae|Sphingomonas|Sphingomonas sanxanigenens;529705||Pseudomonadota|Alphaproteobacteria|Sphingomonadales|Sphingomonadaceae|Sphingomonas|Sphingomonas changbaiensis;1632740||Pseudomonadota|Alphaproteobacteria|Sphingomonadales|Sphingomonadaceae|Sphingomonas|Sphingomonas zeicaulis;2305907||Pseudomonadota|Alphaproteobacteria|Sphingomonadales|Sphingomonadaceae|Sphingomonas|Sphingomonas gilva;2698828||Pseudomonadota|Alphaproteobacteria|Sphingomonadales|Sphingomonadaceae|Sphingomonas|Sphingomonas lacunae;2873268||Pseudomonadota|Alphaproteobacteria|Sphingomonadales|Sphingomonadaceae|Hephaestia|Hephaestia mangrovi;3103142||Pseudomonadota|Alphaproteobacteria|Sphingomonadales|Sphingomonadaceae|Sphingomonas|Sphingomonas rustica;3163295||Pseudomonadota|Alphaproteobacteria|Sphingomonadales|Sphingomonadaceae|Sphingomonas|Sphingomonas plantiphila	2067.273018	Sphingomonas
barcode14_120_filtered	133	0.000235	55583	55583||Bacillota|Clostridia|Eubacteriales|Desulfitobacteriaceae|Dehalobacter|Dehalobacter restrictus	11.000000	Dehalobacter
barcode16_120_filtered	133	0.000926	55583	55583||Bacillota|Clostridia|Eubacteriales|Desulfitobacteriaceae|Dehalobacter|Dehalobacter restrictus	43.000000	Dehalobacter
barcode17_120_filtered	133	0.001818	55583	55583||Bacillota|Clostridia|Eubacteriales|Desulfitobacteriaceae|Dehalobacter|Dehalobacter restrictus	85.000002	Dehalobacter
barcode18_120_filtered	133	0.001309	55583	55583||Bacillota|Clostridia|Eubacteriales|Desulfitobacteriaceae|Dehalobacter|Dehalobacter restrictus	61.000000	Dehalobacter
barcode13_120_filtered	134	0.001934	173676;1778672;2871811;3056842	173676||Pseudomonadota|Alphaproteobacteria|Sphingomonadales|Sphingomonadaceae|Novosphingobium|Novosphingobium hassiacum;1778672||Pseudomonadota|Alphaproteobacteria|Sphingomonadales|Sphingomonadaceae|Novosphingobium|Novosphingobium flavum;2871811||Pseudomonadota|Alphaproteobacteria|Sphingomonadales|Sphingomonadaceae|Novosphingobium|Novosphingobium percolationis;3056842||Pseudomonadota|Alphaproteobacteria|Sphingomonadales|Sphingomonadaceae|Novosphingobium|Novosphingobium pituita	90.218885	Novosphingobium
barcode14_120_filtered	134	0.004008	173676;1778672;2871811;3056842	173676||Pseudomonadota|Alphaproteobacteria|Sphingomonadales|Sphingomonadaceae|Novosphingobium|Novosphingobium hassiacum;1778672||Pseudomonadota|Alphaproteobacteria|Sphingomonadales|Sphingomonadaceae|Novosphingobium|Novosphingobium flavum;2871811||Pseudomonadota|Alphaproteobacteria|Sphingomonadales|Sphingomonadaceae|Novosphingobium|Novosphingobium percolationis;3056842||Pseudomonadota|Alphaproteobacteria|Sphingomonadales|Sphingomonadaceae|Novosphingobium|Novosphingobium pituita	187.324970	Novosphingobium
barcode15_120_filtered	134	0.002760	173676;1778672;2871811;3056842	173676||Pseudomonadota|Alphaproteobacteria|Sphingomonadales|Sphingomonadaceae|Novosphingobium|Novosphingobium hassiacum;1778672||Pseudomonadota|Alphaproteobacteria|Sphingomonadales|Sphingomonadaceae|Novosphingobium|Novosphingobium flavum;2871811||Pseudomonadota|Alphaproteobacteria|Sphingomonadales|Sphingomonadaceae|Novosphingobium|Novosphingobium percolationis;3056842||Pseudomonadota|Alphaproteobacteria|Sphingomonadales|Sphingomonadaceae|Novosphingobium|Novosphingobium pituita	129.215259	Novosphingobium
barcode16_120_filtered	134	0.001796	173676;1778672;2871811;3056842	173676||Pseudomonadota|Alphaproteobacteria|Sphingomonadales|Sphingomonadaceae|Novosphingobium|Novosphingobium hassiacum;1778672||Pseudomonadota|Alphaproteobacteria|Sphingomonadales|Sphingomonadaceae|Novosphingobium|Novosphingobium flavum;2871811||Pseudomonadota|Alphaproteobacteria|Sphingomonadales|Sphingomonadaceae|Novosphingobium|Novosphingobium percolationis;3056842||Pseudomonadota|Alphaproteobacteria|Sphingomonadales|Sphingomonadaceae|Novosphingobium|Novosphingobium pituita	83.384085	Novosphingobium
barcode17_120_filtered	134	0.002588	173676;1778672;2871811;3056842	173676||Pseudomonadota|Alphaproteobacteria|Sphingomonadales|Sphingomonadaceae|Novosphingobium|Novosphingobium hassiacum;1778672||Pseudomonadota|Alphaproteobacteria|Sphingomonadales|Sphingomonadaceae|Novosphingobium|Novosphingobium flavum;2871811||Pseudomonadota|Alphaproteobacteria|Sphingomonadales|Sphingomonadaceae|Novosphingobium|Novosphingobium percolationis;3056842||Pseudomonadota|Alphaproteobacteria|Sphingomonadales|Sphingomonadaceae|Novosphingobium|Novosphingobium pituita	121.000944	Novosphingobium
barcode18_120_filtered	134	0.001737	173676;1778672;2871811;3056842	173676||Pseudomonadota|Alphaproteobacteria|Sphingomonadales|Sphingomonadaceae|Novosphingobium|Novosphingobium hassiacum;1778672||Pseudomonadota|Alphaproteobacteria|Sphingomonadales|Sphingomonadaceae|Novosphingobium|Novosphingobium flavum;2871811||Pseudomonadota|Alphaproteobacteria|Sphingomonadales|Sphingomonadaceae|Novosphingobium|Novosphingobium percolationis;3056842||Pseudomonadota|Alphaproteobacteria|Sphingomonadales|Sphingomonadaceae|Novosphingobium|Novosphingobium pituita	80.951927	Novosphingobium
barcode13_120_filtered	139	0.004636	33052;173675;574956;651663;2871171	33052||Pseudomonadota|Alphaproteobacteria|Sphingomonadales|Sphingopyxidaceae|Sphingopyxis|Sphingopyxis terrae;173675||Pseudomonadota|Alphaproteobacteria|Sphingomonadales|Sphingopyxidaceae|Sphingopyxis|Sphingopyxis witflariensis;574956||Pseudomonadota|Alphaproteobacteria|Sphingomonadales|Sphingomonadaceae|Novosphingobium|Novosphingobium soli;651663||Pseudomonadota|Alphaproteobacteria|Sphingomonadales|Sphingopyxidaceae|Sphingopyxis|Sphingopyxis bauzanensis;2871171||Pseudomonadota|Alphaproteobacteria|Sphingomonadales|Sphingopyxidaceae|Sphingopyxis|Sphingopyxis jiangsuensis	216.312681	Novosphingobium,Sphingopyxis
barcode14_120_filtered	139	0.009777	33052;173675;574956;651663;2871171	33052||Pseudomonadota|Alphaproteobacteria|Sphingomonadales|Sphingopyxidaceae|Sphingopyxis|Sphingopyxis terrae;173675||Pseudomonadota|Alphaproteobacteria|Sphingomonadales|Sphingopyxidaceae|Sphingopyxis|Sphingopyxis witflariensis;574956||Pseudomonadota|Alphaproteobacteria|Sphingomonadales|Sphingomonadaceae|Novosphingobium|Novosphingobium soli;651663||Pseudomonadota|Alphaproteobacteria|Sphingomonadales|Sphingopyxidaceae|Sphingopyxis|Sphingopyxis bauzanensis;2871171||Pseudomonadota|Alphaproteobacteria|Sphingomonadales|Sphingopyxidaceae|Sphingopyxis|Sphingopyxis jiangsuensis	456.954647	Novosphingobium,Sphingopyxis
barcode15_120_filtered	139	0.006357	33052;173675;574956;651663;2871171	33052||Pseudomonadota|Alphaproteobacteria|Sphingomonadales|Sphingopyxidaceae|Sphingopyxis|Sphingopyxis terrae;173675||Pseudomonadota|Alphaproteobacteria|Sphingomonadales|Sphingopyxidaceae|Sphingopyxis|Sphingopyxis witflariensis;574956||Pseudomonadota|Alphaproteobacteria|Sphingomonadales|Sphingomonadaceae|Novosphingobium|Novosphingobium soli;651663||Pseudomonadota|Alphaproteobacteria|Sphingomonadales|Sphingopyxidaceae|Sphingopyxis|Sphingopyxis bauzanensis;2871171||Pseudomonadota|Alphaproteobacteria|Sphingomonadales|Sphingopyxidaceae|Sphingopyxis|Sphingopyxis jiangsuensis	297.558818	Novosphingobium,Sphingopyxis
barcode16_120_filtered	139	0.005015	33052;173675;574956;651663;2871171	33052||Pseudomonadota|Alphaproteobacteria|Sphingomonadales|Sphingopyxidaceae|Sphingopyxis|Sphingopyxis terrae;173675||Pseudomonadota|Alphaproteobacteria|Sphingomonadales|Sphingopyxidaceae|Sphingopyxis|Sphingopyxis witflariensis;574956||Pseudomonadota|Alphaproteobacteria|Sphingomonadales|Sphingomonadaceae|Novosphingobium|Novosphingobium soli;651663||Pseudomonadota|Alphaproteobacteria|Sphingomonadales|Sphingopyxidaceae|Sphingopyxis|Sphingopyxis bauzanensis;2871171||Pseudomonadota|Alphaproteobacteria|Sphingomonadales|Sphingopyxidaceae|Sphingopyxis|Sphingopyxis jiangsuensis	232.773131	Novosphingobium,Sphingopyxis
barcode17_120_filtered	139	0.005750	33052;173675;574956;651663;2871171	33052||Pseudomonadota|Alphaproteobacteria|Sphingomonadales|Sphingopyxidaceae|Sphingopyxis|Sphingopyxis terrae;173675||Pseudomonadota|Alphaproteobacteria|Sphingomonadales|Sphingopyxidaceae|Sphingopyxis|Sphingopyxis witflariensis;574956||Pseudomonadota|Alphaproteobacteria|Sphingomonadales|Sphingomonadaceae|Novosphingobium|Novosphingobium soli;651663||Pseudomonadota|Alphaproteobacteria|Sphingomonadales|Sphingopyxidaceae|Sphingopyxis|Sphingopyxis bauzanensis;2871171||Pseudomonadota|Alphaproteobacteria|Sphingomonadales|Sphingopyxidaceae|Sphingopyxis|Sphingopyxis jiangsuensis	268.824570	Novosphingobium,Sphingopyxis
barcode18_120_filtered	139	0.004503	33052;173675;574956;651663;2871171	33052||Pseudomonadota|Alphaproteobacteria|Sphingomonadales|Sphingopyxidaceae|Sphingopyxis|Sphingopyxis terrae;173675||Pseudomonadota|Alphaproteobacteria|Sphingomonadales|Sphingopyxidaceae|Sphingopyxis|Sphingopyxis witflariensis;574956||Pseudomonadota|Alphaproteobacteria|Sphingomonadales|Sphingomonadaceae|Novosphingobium|Novosphingobium soli;651663||Pseudomonadota|Alphaproteobacteria|Sphingomonadales|Sphingopyxidaceae|Sphingopyxis|Sphingopyxis bauzanensis;2871171||Pseudomonadota|Alphaproteobacteria|Sphingomonadales|Sphingopyxidaceae|Sphingopyxis|Sphingopyxis jiangsuensis	209.805997	Novosphingobium,Sphingopyxis
barcode13_120_filtered	155	0.000932	1460355;2320861;2707068;2771430;2938948	1460355||Pseudomonadota|Alphaproteobacteria|Sphingomonadales|Sphingomonadaceae|Sphingomonas|Sphingomonas mohensis;2320861||Pseudomonadota|Alphaproteobacteria|Sphingomonadales|Sphingomonadaceae|Sphingomonas|Sphingomonas cavernae;2707068||Pseudomonadota|Alphaproteobacteria|Sphingomonadales|Sphingomonadaceae|Sphingomonas|Sphingomonas montis;2771430||Pseudomonadota|Alphaproteobacteria|Sphingomonadales|Sphingomicrobiaceae|Allosphingosinicella|Allosphingosinicella flava;2938948||Pseudomonadota|Alphaproteobacteria|Sphingomonadales|Sphingomonadaceae|Sphingomonas|Sphingomonas glaciei	43.490673	Sphingomonas
barcode14_120_filtered	155	0.002086	1460355;2320861;2707068;2771430;2938948	1460355||Pseudomonadota|Alphaproteobacteria|Sphingomonadales|Sphingomonadaceae|Sphingomonas|Sphingomonas mohensis;2320861||Pseudomonadota|Alphaproteobacteria|Sphingomonadales|Sphingomonadaceae|Sphingomonas|Sphingomonas cavernae;2707068||Pseudomonadota|Alphaproteobacteria|Sphingomonadales|Sphingomonadaceae|Sphingomonas|Sphingomonas montis;2771430||Pseudomonadota|Alphaproteobacteria|Sphingomonadales|Sphingomicrobiaceae|Allosphingosinicella|Allosphingosinicella flava;2938948||Pseudomonadota|Alphaproteobacteria|Sphingomonadales|Sphingomonadaceae|Sphingomonas|Sphingomonas glaciei	97.496004	Sphingomonas
barcode15_120_filtered	155	0.001146	1460355;2320861;2707068;2771430;2938948	1460355||Pseudomonadota|Alphaproteobacteria|Sphingomonadales|Sphingomonadaceae|Sphingomonas|Sphingomonas mohensis;2320861||Pseudomonadota|Alphaproteobacteria|Sphingomonadales|Sphingomonadaceae|Sphingomonas|Sphingomonas cavernae;2707068||Pseudomonadota|Alphaproteobacteria|Sphingomonadales|Sphingomonadaceae|Sphingomonas|Sphingomonas montis;2771430||Pseudomonadota|Alphaproteobacteria|Sphingomonadales|Sphingomicrobiaceae|Allosphingosinicella|Allosphingosinicella flava;2938948||Pseudomonadota|Alphaproteobacteria|Sphingomonadales|Sphingomonadaceae|Sphingomonas|Sphingomonas glaciei	53.665185	Sphingomonas
barcode16_120_filtered	155	0.002592	1460355;2320861;2707068;2771430;2938948	1460355||Pseudomonadota|Alphaproteobacteria|Sphingomonadales|Sphingomonadaceae|Sphingomonas|Sphingomonas mohensis;2320861||Pseudomonadota|Alphaproteobacteria|Sphingomonadales|Sphingomonadaceae|Sphingomonas|Sphingomonas cavernae;2707068||Pseudomonadota|Alphaproteobacteria|Sphingomonadales|Sphingomonadaceae|Sphingomonas|Sphingomonas montis;2771430||Pseudomonadota|Alphaproteobacteria|Sphingomonadales|Sphingomicrobiaceae|Allosphingosinicella|Allosphingosinicella flava;2938948||Pseudomonadota|Alphaproteobacteria|Sphingomonadales|Sphingomonadaceae|Sphingomonas|Sphingomonas glaciei	120.290274	Sphingomonas
barcode17_120_filtered	155	0.002418	1460355;2320861;2707068;2771430;2938948	1460355||Pseudomonadota|Alphaproteobacteria|Sphingomonadales|Sphingomonadaceae|Sphingomonas|Sphingomonas mohensis;2320861||Pseudomonadota|Alphaproteobacteria|Sphingomonadales|Sphingomonadaceae|Sphingomonas|Sphingomonas cavernae;2707068||Pseudomonadota|Alphaproteobacteria|Sphingomonadales|Sphingomonadaceae|Sphingomonas|Sphingomonas montis;2771430||Pseudomonadota|Alphaproteobacteria|Sphingomonadales|Sphingomicrobiaceae|Allosphingosinicella|Allosphingosinicella flava;2938948||Pseudomonadota|Alphaproteobacteria|Sphingomonadales|Sphingomonadaceae|Sphingomonas|Sphingomonas glaciei	113.057667	Sphingomonas
barcode18_120_filtered	155	0.002444	1460355;2320861;2707068;2771430;2938948	1460355||Pseudomonadota|Alphaproteobacteria|Sphingomonadales|Sphingomonadaceae|Sphingomonas|Sphingomonas mohensis;2320861||Pseudomonadota|Alphaproteobacteria|Sphingomonadales|Sphingomonadaceae|Sphingomonas|Sphingomonas cavernae;2707068||Pseudomonadota|Alphaproteobacteria|Sphingomonadales|Sphingomonadaceae|Sphingomonas|Sphingomonas montis;2771430||Pseudomonadota|Alphaproteobacteria|Sphingomonadales|Sphingomicrobiaceae|Allosphingosinicella|Allosphingosinicella flava;2938948||Pseudomonadota|Alphaproteobacteria|Sphingomonadales|Sphingomonadaceae|Sphingomonas|Sphingomonas glaciei	113.897702	Sphingomonas
barcode13_120_filtered	158	0.001220	2175090;2559804;2741495;2782540;2949094;3096161	2175090||Pseudomonadota|Alphaproteobacteria|Sphingomonadales|Sphingomonadaceae|Sphingomonas|Sphingomonas pokkalii;2559804||Pseudomonadota|Alphaproteobacteria|Sphingomonadales|Sphingomonadaceae|Sphingomonas|Sphingomonas flavalba;2741495||Pseudomonadota|Alphaproteobacteria|Sphingomonadales|Sphingomonadaceae|Sphingomonas|Sphingomonas hominis;2782540||Pseudomonadota|Alphaproteobacteria|Sphingomonadales|Sphingomonadaceae|Sphingomonas|Sphingomonas beigongshangi;2949094||Pseudomonadota|Alphaproteobacteria|Sphingomonadales|Sphingomonadaceae|Sphingomonas|Sphingomonas liriopis;3096161||Pseudomonadota|Alphaproteobacteria|Sphingomonadales|Sphingomonadaceae|Parasphingomonas|Parasphingomonas zepuensis	56.901669	Sphingomonas
barcode14_120_filtered	158	0.002034	2175090;2559804;2741495;2782540;2949094;3096161	2175090||Pseudomonadota|Alphaproteobacteria|Sphingomonadales|Sphingomonadaceae|Sphingomonas|Sphingomonas pokkalii;2559804||Pseudomonadota|Alphaproteobacteria|Sphingomonadales|Sphingomonadaceae|Sphingomonas|Sphingomonas flavalba;2741495||Pseudomonadota|Alphaproteobacteria|Sphingomonadales|Sphingomonadaceae|Sphingomonas|Sphingomonas hominis;2782540||Pseudomonadota|Alphaproteobacteria|Sphingomonadales|Sphingomonadaceae|Sphingomonas|Sphingomonas beigongshangi;2949094||Pseudomonadota|Alphaproteobacteria|Sphingomonadales|Sphingomonadaceae|Sphingomonas|Sphingomonas liriopis;3096161||Pseudomonadota|Alphaproteobacteria|Sphingomonadales|Sphingomonadaceae|Parasphingomonas|Parasphingomonas zepuensis	95.072320	Sphingomonas
barcode15_120_filtered	158	0.002400	2175090;2559804;2741495;2782540;2949094;3096161	2175090||Pseudomonadota|Alphaproteobacteria|Sphingomonadales|Sphingomonadaceae|Sphingomonas|Sphingomonas pokkalii;2559804||Pseudomonadota|Alphaproteobacteria|Sphingomonadales|Sphingomonadaceae|Sphingomonas|Sphingomonas flavalba;2741495||Pseudomonadota|Alphaproteobacteria|Sphingomonadales|Sphingomonadaceae|Sphingomonas|Sphingomonas hominis;2782540||Pseudomonadota|Alphaproteobacteria|Sphingomonadales|Sphingomonadaceae|Sphingomonas|Sphingomonas beigongshangi;2949094||Pseudomonadota|Alphaproteobacteria|Sphingomonadales|Sphingomonadaceae|Sphingomonas|Sphingomonas liriopis;3096161||Pseudomonadota|Alphaproteobacteria|Sphingomonadales|Sphingomonadaceae|Parasphingomonas|Parasphingomonas zepuensis	112.333455	Sphingomonas
barcode16_120_filtered	158	0.002366	2175090;2559804;2741495;2782540;2949094;3096161	2175090||Pseudomonadota|Alphaproteobacteria|Sphingomonadales|Sphingomonadaceae|Sphingomonas|Sphingomonas pokkalii;2559804||Pseudomonadota|Alphaproteobacteria|Sphingomonadales|Sphingomonadaceae|Sphingomonas|Sphingomonas flavalba;2741495||Pseudomonadota|Alphaproteobacteria|Sphingomonadales|Sphingomonadaceae|Sphingomonas|Sphingomonas hominis;2782540||Pseudomonadota|Alphaproteobacteria|Sphingomonadales|Sphingomonadaceae|Sphingomonas|Sphingomonas beigongshangi;2949094||Pseudomonadota|Alphaproteobacteria|Sphingomonadales|Sphingomonadaceae|Sphingomonas|Sphingomonas liriopis;3096161||Pseudomonadota|Alphaproteobacteria|Sphingomonadales|Sphingomonadaceae|Parasphingomonas|Parasphingomonas zepuensis	109.798926	Sphingomonas
barcode17_120_filtered	158	0.002803	2175090;2559804;2741495;2782540;2949094;3096161	2175090||Pseudomonadota|Alphaproteobacteria|Sphingomonadales|Sphingomonadaceae|Sphingomonas|Sphingomonas pokkalii;2559804||Pseudomonadota|Alphaproteobacteria|Sphingomonadales|Sphingomonadaceae|Sphingomonas|Sphingomonas flavalba;2741495||Pseudomonadota|Alphaproteobacteria|Sphingomonadales|Sphingomonadaceae|Sphingomonas|Sphingomonas hominis;2782540||Pseudomonadota|Alphaproteobacteria|Sphingomonadales|Sphingomonadaceae|Sphingomonas|Sphingomonas beigongshangi;2949094||Pseudomonadota|Alphaproteobacteria|Sphingomonadales|Sphingomonadaceae|Sphingomonas|Sphingomonas liriopis;3096161||Pseudomonadota|Alphaproteobacteria|Sphingomonadales|Sphingomonadaceae|Parasphingomonas|Parasphingomonas zepuensis	131.022605	Sphingomonas
barcode18_120_filtered	158	0.002434	2175090;2559804;2741495;2782540;2949094;3096161	2175090||Pseudomonadota|Alphaproteobacteria|Sphingomonadales|Sphingomonadaceae|Sphingomonas|Sphingomonas pokkalii;2559804||Pseudomonadota|Alphaproteobacteria|Sphingomonadales|Sphingomonadaceae|Sphingomonas|Sphingomonas flavalba;2741495||Pseudomonadota|Alphaproteobacteria|Sphingomonadales|Sphingomonadaceae|Sphingomonas|Sphingomonas hominis;2782540||Pseudomonadota|Alphaproteobacteria|Sphingomonadales|Sphingomonadaceae|Sphingomonas|Sphingomonas beigongshangi;2949094||Pseudomonadota|Alphaproteobacteria|Sphingomonadales|Sphingomonadaceae|Sphingomonas|Sphingomonas liriopis;3096161||Pseudomonadota|Alphaproteobacteria|Sphingomonadales|Sphingomonadaceae|Parasphingomonas|Parasphingomonas zepuensis	113.401248	Sphingomonas
barcode14_120_filtered	163	0.000364	147266	147266||Pseudomonadota|Alphaproteobacteria|Hyphomicrobiales|Rhizobiaceae|Agrobacterium|Agrobacterium albertimagni	17.000000	Agrobacterium
barcode15_120_filtered	163	0.000769	147266	147266||Pseudomonadota|Alphaproteobacteria|Hyphomicrobiales|Rhizobiaceae|Agrobacterium|Agrobacterium albertimagni	35.999996	Agrobacterium
barcode16_120_filtered	163	0.000496	147266	147266||Pseudomonadota|Alphaproteobacteria|Hyphomicrobiales|Rhizobiaceae|Agrobacterium|Agrobacterium albertimagni	23.000000	Agrobacterium
barcode17_120_filtered	163	0.000321	147266	147266||Pseudomonadota|Alphaproteobacteria|Hyphomicrobiales|Rhizobiaceae|Agrobacterium|Agrobacterium albertimagni	15.000000	Agrobacterium
barcode18_120_filtered	163	0.000472	147266	147266||Pseudomonadota|Alphaproteobacteria|Hyphomicrobiales|Rhizobiaceae|Agrobacterium|Agrobacterium albertimagni	22.000000	Agrobacterium
barcode13_120_filtered	181	0.004608	52692	52692||Bacillota|Clostridia|Eubacteriales|Eubacteriaceae|Acetobacterium|Acetobacterium malicum	215.000190	Acetobacterium
barcode14_120_filtered	181	0.006996	52692	52692||Bacillota|Clostridia|Eubacteriales|Eubacteriaceae|Acetobacterium|Acetobacterium malicum	327.000000	Acetobacterium
barcode15_120_filtered	181	0.004168	52692	52692||Bacillota|Clostridia|Eubacteriales|Eubacteriaceae|Acetobacterium|Acetobacterium malicum	195.087875	Acetobacterium
barcode16_120_filtered	181	0.006488	52692	52692||Bacillota|Clostridia|Eubacteriales|Eubacteriaceae|Acetobacterium|Acetobacterium malicum	301.144392	Acetobacterium
barcode17_120_filtered	181	0.009421	52692	52692||Bacillota|Clostridia|Eubacteriales|Eubacteriaceae|Acetobacterium|Acetobacterium malicum	440.428868	Acetobacterium
barcode18_120_filtered	181	0.004421	52692	52692||Bacillota|Clostridia|Eubacteriales|Eubacteriaceae|Acetobacterium|Acetobacterium malicum	206.000472	Acetobacterium
barcode13_120_filtered	192	0.001527	1244894;1538021;1550728;1664572	1244894||Pseudomonadota|Alphaproteobacteria|Sphingomonadales|Sphingomonadaceae|Sphingomonas|Sphingomonas fonticola;1538021||Pseudomonadota|Alphaproteobacteria|Sphingomonadales|Sphingomonadaceae|Novosphingobium|Novosphingobium tardum;1550728||Pseudomonadota|Alphaproteobacteria|Sphingomonadales|Blastomonadaceae|Blastomonas|Blastomonas fulva;1664572||Pseudomonadota|Alphaproteobacteria|Sphingomonadales|Sphingomonadaceae|Sphingomonas|Sphingomonas piscinae	71.232367	Novosphingobium,Sphingomonas
barcode14_120_filtered	192	0.002377	1244894;1538021;1550728;1664572	1244894||Pseudomonadota|Alphaproteobacteria|Sphingomonadales|Sphingomonadaceae|Sphingomonas|Sphingomonas fonticola;1538021||Pseudomonadota|Alphaproteobacteria|Sphingomonadales|Sphingomonadaceae|Novosphingobium|Novosphingobium tardum;1550728||Pseudomonadota|Alphaproteobacteria|Sphingomonadales|Blastomonadaceae|Blastomonas|Blastomonas fulva;1664572||Pseudomonadota|Alphaproteobacteria|Sphingomonadales|Sphingomonadaceae|Sphingomonas|Sphingomonas piscinae	111.108368	Novosphingobium,Sphingomonas
barcode15_120_filtered	192	0.002000	1244894;1538021;1550728;1664572	1244894||Pseudomonadota|Alphaproteobacteria|Sphingomonadales|Sphingomonadaceae|Sphingomonas|Sphingomonas fonticola;1538021||Pseudomonadota|Alphaproteobacteria|Sphingomonadales|Sphingomonadaceae|Novosphingobium|Novosphingobium tardum;1550728||Pseudomonadota|Alphaproteobacteria|Sphingomonadales|Blastomonadaceae|Blastomonas|Blastomonas fulva;1664572||Pseudomonadota|Alphaproteobacteria|Sphingomonadales|Sphingomonadaceae|Sphingomonas|Sphingomonas piscinae	93.626118	Novosphingobium,Sphingomonas
barcode16_120_filtered	192	0.001856	1244894;1538021;1550728;1664572	1244894||Pseudomonadota|Alphaproteobacteria|Sphingomonadales|Sphingomonadaceae|Sphingomonas|Sphingomonas fonticola;1538021||Pseudomonadota|Alphaproteobacteria|Sphingomonadales|Sphingomonadaceae|Novosphingobium|Novosphingobium tardum;1550728||Pseudomonadota|Alphaproteobacteria|Sphingomonadales|Blastomonadaceae|Blastomonas|Blastomonas fulva;1664572||Pseudomonadota|Alphaproteobacteria|Sphingomonadales|Sphingomonadaceae|Sphingomonas|Sphingomonas piscinae	86.168216	Novosphingobium,Sphingomonas
barcode17_120_filtered	192	0.002638	1244894;1538021;1550728;1664572	1244894||Pseudomonadota|Alphaproteobacteria|Sphingomonadales|Sphingomonadaceae|Sphingomonas|Sphingomonas fonticola;1538021||Pseudomonadota|Alphaproteobacteria|Sphingomonadales|Sphingomonadaceae|Novosphingobium|Novosphingobium tardum;1550728||Pseudomonadota|Alphaproteobacteria|Sphingomonadales|Blastomonadaceae|Blastomonas|Blastomonas fulva;1664572||Pseudomonadota|Alphaproteobacteria|Sphingomonadales|Sphingomonadaceae|Sphingomonas|Sphingomonas piscinae	123.336454	Novosphingobium,Sphingomonas
barcode18_120_filtered	192	0.002154	1244894;1538021;1550728;1664572	1244894||Pseudomonadota|Alphaproteobacteria|Sphingomonadales|Sphingomonadaceae|Sphingomonas|Sphingomonas fonticola;1538021||Pseudomonadota|Alphaproteobacteria|Sphingomonadales|Sphingomonadaceae|Novosphingobium|Novosphingobium tardum;1550728||Pseudomonadota|Alphaproteobacteria|Sphingomonadales|Blastomonadaceae|Blastomonas|Blastomonas fulva;1664572||Pseudomonadota|Alphaproteobacteria|Sphingomonadales|Sphingomonadaceae|Sphingomonas|Sphingomonas piscinae	100.384405	Novosphingobium,Sphingomonas
barcode14_120_filtered	211	0.000497	48935;1305696	48935||Pseudomonadota|Alphaproteobacteria|Sphingomonadales|Sphingomonadaceae|Novosphingobium|Novosphingobium aromaticivorans;1305696||Pseudomonadota|Alphaproteobacteria|Sphingomonadales|Sphingomonadaceae|Novosphingobium|Novosphingobium arabidopsis	23.209534	Novosphingobium
barcode15_120_filtered	211	0.000529	48935;1305696	48935||Pseudomonadota|Alphaproteobacteria|Sphingomonadales|Sphingomonadaceae|Novosphingobium|Novosphingobium aromaticivorans;1305696||Pseudomonadota|Alphaproteobacteria|Sphingomonadales|Sphingomonadaceae|Novosphingobium|Novosphingobium arabidopsis	24.785267	Novosphingobium
barcode16_120_filtered	211	0.002859	48935;1305696	48935||Pseudomonadota|Alphaproteobacteria|Sphingomonadales|Sphingomonadaceae|Novosphingobium|Novosphingobium aromaticivorans;1305696||Pseudomonadota|Alphaproteobacteria|Sphingomonadales|Sphingomonadaceae|Novosphingobium|Novosphingobium arabidopsis	132.703503	Novosphingobium
barcode17_120_filtered	211	0.001816	48935;1305696	48935||Pseudomonadota|Alphaproteobacteria|Sphingomonadales|Sphingomonadaceae|Novosphingobium|Novosphingobium aromaticivorans;1305696||Pseudomonadota|Alphaproteobacteria|Sphingomonadales|Sphingomonadaceae|Novosphingobium|Novosphingobium arabidopsis	84.910115	Novosphingobium
barcode18_120_filtered	211	0.002658	48935;1305696	48935||Pseudomonadota|Alphaproteobacteria|Sphingomonadales|Sphingomonadaceae|Novosphingobium|Novosphingobium aromaticivorans;1305696||Pseudomonadota|Alphaproteobacteria|Sphingomonadales|Sphingomonadaceae|Novosphingobium|Novosphingobium arabidopsis	123.850016	Novosphingobium
barcode16_120_filtered	220	0.000452	121428;365341;1395957	121428||Pseudomonadota|Alphaproteobacteria|Sphingomonadales|Sphingobiaceae|Sphingobium|Sphingobium xenophagum;365341||Pseudomonadota|Alphaproteobacteria|Sphingomonadales|Sphingobiaceae|Sphingobium|Sphingobium aromaticiconvertens;1395957||Pseudomonadota|Alphaproteobacteria|Sphingomonadales|Sphingobiaceae|Sphingobium|Sphingobium endophyticum	21.000001	Sphingobium
barcode17_120_filtered	220	0.001165	121428;365341;1395957	121428||Pseudomonadota|Alphaproteobacteria|Sphingomonadales|Sphingobiaceae|Sphingobium|Sphingobium xenophagum;365341||Pseudomonadota|Alphaproteobacteria|Sphingomonadales|Sphingobiaceae|Sphingobium|Sphingobium aromaticiconvertens;1395957||Pseudomonadota|Alphaproteobacteria|Sphingomonadales|Sphingobiaceae|Sphingobium|Sphingobium endophyticum	54.466646	Sphingobium
barcode18_120_filtered	220	0.000581	121428;365341;1395957	121428||Pseudomonadota|Alphaproteobacteria|Sphingomonadales|Sphingobiaceae|Sphingobium|Sphingobium xenophagum;365341||Pseudomonadota|Alphaproteobacteria|Sphingomonadales|Sphingobiaceae|Sphingobium|Sphingobium aromaticiconvertens;1395957||Pseudomonadota|Alphaproteobacteria|Sphingomonadales|Sphingobiaceae|Sphingobium|Sphingobium endophyticum	27.049886	Sphingobium
barcode13_120_filtered	226	0.000879	1141888	1141888||Pseudomonadota|Alphaproteobacteria|Sphingomonadales|Sphingomonadaceae|Sphingomonas|Sphingomonas difficilis	40.996507	Sphingomonas
barcode14_120_filtered	226	0.001819	1141888	1141888||Pseudomonadota|Alphaproteobacteria|Sphingomonadales|Sphingomonadaceae|Sphingomonas|Sphingomonas difficilis	84.999425	Sphingomonas
barcode15_120_filtered	226	0.001404	1141888	1141888||Pseudomonadota|Alphaproteobacteria|Sphingomonadales|Sphingomonadaceae|Sphingomonas|Sphingomonas difficilis	65.720004	Sphingomonas
barcode16_120_filtered	226	0.000383	1141888	1141888||Pseudomonadota|Alphaproteobacteria|Sphingomonadales|Sphingomonadaceae|Sphingomonas|Sphingomonas difficilis	17.757793	Sphingomonas
barcode17_120_filtered	226	0.000831	1141888	1141888||Pseudomonadota|Alphaproteobacteria|Sphingomonadales|Sphingomonadaceae|Sphingomonas|Sphingomonas difficilis	38.847834	Sphingomonas
barcode18_120_filtered	226	0.000408	1141888	1141888||Pseudomonadota|Alphaproteobacteria|Sphingomonadales|Sphingomonadaceae|Sphingomonas|Sphingomonas difficilis	19.003896	Sphingomonas
