sample_id	cluster_id	estimated_counts	abundance	tax_id	species	genus	family	order	class	phylum	clade	superkingdom	subspecies	species_subgroup	species_group
barcode13_120_filtered	134	90.21888533326066	0.0019335794880571949	173676	Novosphingobium hassiacum	Novosphingobium	Sphingomonadaceae	Sphingomonadales	Alphaproteobacteria	Pseudomonadota					
barcode13_120_filtered	139	61.102005559801036	0.0013095438299106504	173675	Sphingopyxis witflariensis	Sphingopyxis	Sphingopyxidaceae	Sphingomonadales	Alphaproteobacteria	Pseudomonadota					
barcode13_120_filtered	139	21.215857610273424	0.00045470022097073286	2871171	Sphingopyxis jiangsuensis	Sphingopyxis	Sphingopyxidaceae	Sphingomonadales	Alphaproteobacteria	Pseudomonadota					
barcode13_120_filtered	139	117.61837627000864	0.0025208079099425327	33052	Sphingopyxis terrae	Sphingopyxis	Sphingopyxidaceae	Sphingomonadales	Alphaproteobacteria	Pseudomonadota					
barcode13_120_filtered	139	16.37644145231024	0.00035098140663773845	651663	Sphingopyxis bauzanensis	Sphingopyxis	Sphingopyxidaceae	Sphingomonadales	Alphaproteobacteria	Pseudomonadota					
barcode13_120_filtered	192	46.22789489028426	0.0009907605154479149	1244894	Sphingomonas fonticola	Sphingomonas	Sphingomonadaceae	Sphingomonadales	Alphaproteobacteria	Pseudomonadota					
barcode13_120_filtered	120	32.16017859481597	0.0006892599197328697	3103142	Sphingomonas rustica	Sphingomonas	Sphingomonadaceae	Sphingomonadales	Alphaproteobacteria	Pseudomonadota					
barcode13_120_filtered	120	772.0253253809778	0.016546118120426452	2873268	Hephaestia mangrovi	Hephaestia	Sphingomonadaceae	Sphingomonadales	Alphaproteobacteria	Pseudomonadota					
barcode13_120_filtered	120	124.06633694020579	0.0026590011989156602	1632740	Sphingomonas zeicaulis	Sphingomonas	Sphingomonadaceae	Sphingomonadales	Alphaproteobacteria	Pseudomonadota					
barcode13_120_filtered	120	23.861271401130633	0.0005113969738127828	397260	Sphingomonas sanxanigenens	Sphingomonas	Sphingomonadaceae	Sphingomonadales	Alphaproteobacteria	Pseudomonadota					
barcode13_120_filtered	155	26.120177938054347	0.0005598100674693917	1460355	Sphingomonas mohensis	Sphingomonas	Sphingomonadaceae	Sphingomonadales	Alphaproteobacteria	Pseudomonadota					
barcode13_120_filtered	120	146.19734132445691	0.0031333149301197394	2305907	Sphingomonas gilva	Sphingomonas	Sphingomonadaceae	Sphingomonadales	Alphaproteobacteria	Pseudomonadota					
barcode13_120_filtered	22	66.88114211293406	0.0014334028185973564	2992113	Sphingomonas arvum	Sphingomonas	Sphingomonadaceae	Sphingomonadales	Alphaproteobacteria	Pseudomonadota					
barcode13_120_filtered	181	215.0001898640958	0.004607903938449084	52692	Acetobacterium malicum	Acetobacterium	Eubacteriaceae	Eubacteriales	Clostridia	Bacillota					
barcode13_120_filtered	158	18.89817814752988	0.00040502750053644267	2559804	Sphingomonas flavalba	Sphingomonas	Sphingomonadaceae	Sphingomonadales	Alphaproteobacteria	Pseudomonadota					
barcode13_120_filtered	38	42.44899821737789	0.0009097708527267599	49338	Desulfitobacterium hafniense	Desulfitobacterium	Desulfitobacteriaceae	Eubacteriales	Clostridia	Bacillota					
barcode13_120_filtered	16	165.2283880991014	0.003541190083351581	3375356	Desulfitobacterium nosdiversum	Desulfitobacterium	Desulfitobacteriaceae	Eubacteriales	Clostridia	Bacillota					
barcode13_120_filtered	158	38.003490591031095	0.0008144943224464968	2782540	Sphingomonas beigongshangi	Sphingomonas	Sphingomonadaceae	Sphingomonadales	Alphaproteobacteria	Pseudomonadota					
barcode13_120_filtered	226	40.99650725185107	0.0008786409321213715	1141888	Sphingomonas difficilis	Sphingomonas	Sphingomonadaceae	Sphingomonadales	Alphaproteobacteria	Pseudomonadota					
barcode13_120_filtered	192	25.00447232913887	0.0005358981617509778	1550728	Blastomonas fulva	Blastomonas	Blastomonadaceae	Sphingomonadales	Alphaproteobacteria	Pseudomonadota					
barcode13_120_filtered	23	27.0	0.0005786664952099274	2590199	Anaeromyxobacter diazotrophicus	Anaeromyxobacter	Anaeromyxobacteraceae	Myxococcales	Myxococcia	Myxococcota					
barcode13_120_filtered	22	37.45343315502659	0.0008027054406443899	335605	Sphingomonas rosea	Sphingomonas	Sphingomonadaceae	Sphingomonadales	Alphaproteobacteria	Pseudomonadota					
barcode13_120_filtered	79	22.000000000000004	0.00047150603313401496	65655	Hydrogenophaga palleronii	Hydrogenophaga	Comamonadaceae	Burkholderiales	Betaproteobacteria	Pseudomonadota					
barcode13_120_filtered	155	17.370494992897612	0.0003722860539852464	2707068	Sphingomonas montis	Sphingomonas	Sphingomonadaceae	Sphingomonadales	Alphaproteobacteria	Pseudomonadota					
barcode14_120_filtered	120	31.557945555099106	0.0006751806922357533	3103142	Sphingomonas rustica	Sphingomonas	Sphingomonadaceae	Sphingomonadales	Alphaproteobacteria	Pseudomonadota					
barcode14_120_filtered	120	1161.5026719838227	0.02485029251142111	2873268	Hephaestia mangrovi	Hephaestia	Sphingomonadaceae	Sphingomonadales	Alphaproteobacteria	Pseudomonadota					
barcode14_120_filtered	120	175.12247713023694	0.003746736780706824	2305907	Sphingomonas gilva	Sphingomonas	Sphingomonadaceae	Sphingomonadales	Alphaproteobacteria	Pseudomonadota					
barcode14_120_filtered	155	56.96737779499029	0.0012188142446510545	1460355	Sphingomonas mohensis	Sphingomonas	Sphingomonadaceae	Sphingomonadales	Alphaproteobacteria	Pseudomonadota					
barcode14_120_filtered	155	18.67196183781184	0.0003994857047028635	2771430	Allosphingosinicella flava	Allosphingosinicella	Sphingomicrobiaceae	Sphingomonadales	Alphaproteobacteria	Pseudomonadota					
barcode14_120_filtered	120	129.29812999653595	0.0027663271287234905	1632740	Sphingomonas zeicaulis	Sphingomonas	Sphingomonadaceae	Sphingomonadales	Alphaproteobacteria	Pseudomonadota					
barcode14_120_filtered	158	78.06597401504612	0.001670217672551265	2782540	Sphingomonas beigongshangi	Sphingomonas	Sphingomonadaceae	Sphingomonadales	Alphaproteobacteria	Pseudomonadota					
barcode14_120_filtered	181	327.0000000358502	0.006996148909624522	52692	Acetobacterium malicum	Acetobacterium	Eubacteriaceae	Eubacteriales	Clostridia	Bacillota					
barcode14_120_filtered	192	56.10836763633089	0.001200435764577041	1244894	Sphingomonas fonticola	Sphingomonas	Sphingomonadaceae	Sphingomonadales	Alphaproteobacteria	Pseudomonadota					
barcode14_120_filtered	134	27.514354233290813	0.0005886682548842707	1778672	Novosphingobium flavum	Novosphingobium	Sphingomonadaceae	Sphingomonadales	Alphaproteobacteria	Pseudomonadota					
barcode14_120_filtered	158	17.006345714208415	0.00036384992970065074	2559804	Sphingomonas flavalba	Sphingomonas	Sphingomonadaceae	Sphingomonadales	Alphaproteobacteria	Pseudomonadota					
barcode14_120_filtered	22	38.60625947194723	0.0008259790216505612	335605	Sphingomonas rosea	Sphingomonas	Sphingomonadaceae	Sphingomonadales	Alphaproteobacteria	Pseudomonadota					
barcode14_120_filtered	134	144.69926531061307	0.0030958336609031465	173676	Novosphingobium hassiacum	Novosphingobium	Sphingomonadaceae	Sphingomonadales	Alphaproteobacteria	Pseudomonadota					
barcode14_120_filtered	16	163.31778869193468	0.003494176052459022	3375356	Desulfitobacterium nosdiversum	Desulfitobacterium	Desulfitobacteriaceae	Eubacteriales	Clostridia	Bacillota					
barcode14_120_filtered	38	48.831559987667355	0.00104474882301385	49338	Desulfitobacterium hafniense	Desulfitobacterium	Desulfitobacteriaceae	Eubacteriales	Clostridia	Bacillota					
barcode14_120_filtered	226	84.99942513717212	0.001818558518125206	1141888	Sphingomonas difficilis	Sphingomonas	Sphingomonadaceae	Sphingomonadales	Alphaproteobacteria	Pseudomonadota					
barcode14_120_filtered	134	15.111350075733105	0.0003233065912651499	3056842	Novosphingobium pituita	Novosphingobium	Sphingomonadaceae	Sphingomonadales	Alphaproteobacteria	Pseudomonadota					
barcode14_120_filtered	163	17.0	0.00036371416345742404	147266	Agrobacterium albertimagni	Agrobacterium	Rhizobiaceae	Hyphomicrobiales	Alphaproteobacteria	Pseudomonadota					
barcode14_120_filtered	139	256.62205757950284	0.005490416293955987	33052	Sphingopyxis terrae	Sphingopyxis	Sphingopyxidaceae	Sphingomonadales	Alphaproteobacteria	Pseudomonadota					
barcode14_120_filtered	139	47.40716331442037	0.0010142739262819934	2871171	Sphingopyxis jiangsuensis	Sphingopyxis	Sphingopyxidaceae	Sphingomonadales	Alphaproteobacteria	Pseudomonadota					
barcode14_120_filtered	139	106.83410689112708	0.0022857104598016063	173675	Sphingopyxis witflariensis	Sphingopyxis	Sphingopyxidaceae	Sphingomonadales	Alphaproteobacteria	Pseudomonadota					
barcode14_120_filtered	155	21.85666459355673	0.0004676222634479403	2938948	Sphingomonas glaciei	Sphingomonas	Sphingomonadaceae	Sphingomonadales	Alphaproteobacteria	Pseudomonadota					
barcode14_120_filtered	139	46.09131950115143	0.0009861215126476558	651663	Sphingopyxis bauzanensis	Sphingopyxis	Sphingopyxidaceae	Sphingomonadales	Alphaproteobacteria	Pseudomonadota					
barcode14_120_filtered	22	109.03122850864557	0.002332717768691604	2992113	Sphingomonas arvum	Sphingomonas	Sphingomonadaceae	Sphingomonadales	Alphaproteobacteria	Pseudomonadota					
barcode14_120_filtered	22	32.56736733348696	0.0006967772215123442	2904799	Sphingomonas cremea	Sphingomonas	Sphingomonadaceae	Sphingomonadales	Alphaproteobacteria	Pseudomonadota					
barcode14_120_filtered	79	32.000144773298516	0.0006846415227492194	65655	Hydrogenophaga palleronii	Hydrogenophaga	Comamonadaceae	Burkholderiales	Betaproteobacteria	Pseudomonadota					
barcode14_120_filtered	192	55.00000000002669	0.0011767222935392958	1550728	Blastomonas fulva	Blastomonas	Blastomonadaceae	Sphingomonadales	Alphaproteobacteria	Pseudomonadota					
barcode14_120_filtered	23	30.999999999999996	0.0006632434745400085	2590199	Anaeromyxobacter diazotrophicus	Anaeromyxobacter	Anaeromyxobacteraceae	Myxococcales	Myxococcia	Myxococcota					
barcode14_120_filtered	211	23.209534346809743	0.0004965668452462504	1305696	Novosphingobium arabidopsis	Novosphingobium	Sphingomonadaceae	Sphingomonadales	Alphaproteobacteria	Pseudomonadota					
barcode14_120_filtered	133	11.000000000000322	0.00023534445870775184	55583	Dehalobacter restrictus	Dehalobacter	Desulfitobacteriaceae	Eubacteriales	Clostridia	Bacillota					
barcode15_120_filtered	155	53.66518490746126	0.0011464225269159228	1460355	Sphingomonas mohensis	Sphingomonas	Sphingomonadaceae	Sphingomonadales	Alphaproteobacteria	Pseudomonadota					
barcode15_120_filtered	120	17.232390023052886	0.000368126936469054	3103142	Sphingomonas rustica	Sphingomonas	Sphingomonadaceae	Sphingomonadales	Alphaproteobacteria	Pseudomonadota					
barcode15_120_filtered	120	90.41971216618404	0.0019315911252949956	1632740	Sphingomonas zeicaulis	Sphingomonas	Sphingomonadaceae	Sphingomonadales	Alphaproteobacteria	Pseudomonadota					
barcode15_120_filtered	120	23.318688004634048	0.0004981454787258133	397260	Sphingomonas sanxanigenens	Sphingomonas	Sphingomonadaceae	Sphingomonadales	Alphaproteobacteria	Pseudomonadota					
barcode15_120_filtered	120	1025.4707488145357	0.021906619145383256	2873268	Hephaestia mangrovi	Hephaestia	Sphingomonadaceae	Sphingomonadales	Alphaproteobacteria	Pseudomonadota					
barcode15_120_filtered	120	197.9727178634021	0.00422919223822183	2305907	Sphingomonas gilva	Sphingomonas	Sphingomonadaceae	Sphingomonadales	Alphaproteobacteria	Pseudomonadota					
barcode15_120_filtered	22	96.25575163354402	0.0020562635199748783	2992113	Sphingomonas arvum	Sphingomonas	Sphingomonadaceae	Sphingomonadales	Alphaproteobacteria	Pseudomonadota					
barcode15_120_filtered	22	45.53168621700761	0.0009726706589692083	335605	Sphingomonas rosea	Sphingomonas	Sphingomonadaceae	Sphingomonadales	Alphaproteobacteria	Pseudomonadota					
barcode15_120_filtered	22	26.81029055745531	0.0005727348391928246	2904799	Sphingomonas cremea	Sphingomonas	Sphingomonadaceae	Sphingomonadales	Alphaproteobacteria	Pseudomonadota					
barcode15_120_filtered	139	157.79312443775672	0.0033708556629372735	33052	Sphingopyxis terrae	Sphingopyxis	Sphingopyxidaceae	Sphingomonadales	Alphaproteobacteria	Pseudomonadota					
barcode15_120_filtered	139	87.01062689132172	0.0018587645402004171	173675	Sphingopyxis witflariensis	Sphingopyxis	Sphingopyxidaceae	Sphingomonadales	Alphaproteobacteria	Pseudomonadota					
barcode15_120_filtered	158	32.75374166387077	0.000699701815040712	2741495	Sphingomonas hominis	Sphingomonas	Sphingomonadaceae	Sphingomonadales	Alphaproteobacteria	Pseudomonadota					
barcode15_120_filtered	139	33.63175428780259	0.0007184583599539124	2871171	Sphingopyxis jiangsuensis	Sphingopyxis	Sphingopyxidaceae	Sphingomonadales	Alphaproteobacteria	Pseudomonadota					
barcode15_120_filtered	181	195.0878753088087	0.004167564788378986	52692	Acetobacterium malicum	Acetobacterium	Eubacteriaceae	Eubacteriales	Clostridia	Bacillota					
barcode15_120_filtered	139	19.123312779739063	0.0004085217743636979	651663	Sphingopyxis bauzanensis	Sphingopyxis	Sphingopyxidaceae	Sphingomonadales	Alphaproteobacteria	Pseudomonadota					
barcode15_120_filtered	163	35.999995640038165	0.0007690499164734393	147266	Agrobacterium albertimagni	Agrobacterium	Rhizobiaceae	Hyphomicrobiales	Alphaproteobacteria	Pseudomonadota					
barcode15_120_filtered	192	52.00000012690373	0.001110850016596606	1550728	Blastomonas fulva	Blastomonas	Blastomonadaceae	Sphingomonadales	Alphaproteobacteria	Pseudomonadota					
barcode15_120_filtered	23	46.034019489601754	0.0009834017536391394	2590199	Anaeromyxobacter diazotrophicus	Anaeromyxobacter	Anaeromyxobacteraceae	Myxococcales	Myxococcia	Myxococcota					
barcode15_120_filtered	23	13.965980510398236	0.0002983482623827356	2918171	Anaeromyxobacter paludicola	Anaeromyxobacter	Anaeromyxobacteraceae	Myxococcales	Myxococcia	Myxococcota					
barcode15_120_filtered	211	24.785266720608366	0.0005294752669374371	1305696	Novosphingobium arabidopsis	Novosphingobium	Sphingomonadaceae	Sphingomonadales	Alphaproteobacteria	Pseudomonadota					
barcode15_120_filtered	16	92.8067645343017	0.001982584532146327	3375356	Desulfitobacterium nosdiversum	Desulfitobacterium	Desulfitobacteriaceae	Eubacteriales	Clostridia	Bacillota					
barcode15_120_filtered	38	52.18599281973658	0.0011148232855469138	49338	Desulfitobacterium hafniense	Desulfitobacterium	Desulfitobacteriaceae	Eubacteriales	Clostridia	Bacillota					
barcode15_120_filtered	134	115.03178969677323	0.002457366638114401	173676	Novosphingobium hassiacum	Novosphingobium	Sphingomonadaceae	Sphingomonadales	Alphaproteobacteria	Pseudomonadota					
barcode15_120_filtered	226	65.72000366120068	0.0014039435957616945	1141888	Sphingomonas difficilis	Sphingomonas	Sphingomonadaceae	Sphingomonadales	Alphaproteobacteria	Pseudomonadota					
barcode15_120_filtered	134	14.183469045203218	0.00030299436126558326	2871811	Novosphingobium percolationis	Novosphingobium	Sphingomonadaceae	Sphingomonadales	Alphaproteobacteria	Pseudomonadota					
barcode15_120_filtered	79	35.00000000000006	0.0007476875093460951	65655	Hydrogenophaga palleronii	Hydrogenophaga	Comamonadaceae	Burkholderiales	Betaproteobacteria	Pseudomonadota					
barcode15_120_filtered	192	41.626118270761914	0.000889237962674626	1244894	Sphingomonas fonticola	Sphingomonas	Sphingomonadaceae	Sphingomonadales	Alphaproteobacteria	Pseudomonadota					
barcode15_120_filtered	120	26.658950480182114	0.0005695018367516633	2698828	Sphingomonas lacunae	Sphingomonas	Sphingomonadaceae	Sphingomonadales	Alphaproteobacteria	Pseudomonadota					
barcode15_120_filtered	158	79.57971347718693	0.0017000216504066763	2782540	Sphingomonas beigongshangi	Sphingomonas	Sphingomonadaceae	Sphingomonadales	Alphaproteobacteria	Pseudomonadota					
barcode16_120_filtered	120	48.355354842198885	0.0010418044779101343	3103142	Sphingomonas rustica	Sphingomonas	Sphingomonadaceae	Sphingomonadales	Alphaproteobacteria	Pseudomonadota					
barcode16_120_filtered	120	215.70500139946193	0.004647312321436215	1632740	Sphingomonas zeicaulis	Sphingomonas	Sphingomonadaceae	Sphingomonadales	Alphaproteobacteria	Pseudomonadota					
barcode16_120_filtered	120	1559.7371073608808	0.03360416045159713	2873268	Hephaestia mangrovi	Hephaestia	Sphingomonadaceae	Sphingomonadales	Alphaproteobacteria	Pseudomonadota					
barcode16_120_filtered	120	64.80364118340982	0.0013961788469979495	397260	Sphingomonas sanxanigenens	Sphingomonas	Sphingomonadaceae	Sphingomonadales	Alphaproteobacteria	Pseudomonadota					
barcode16_120_filtered	155	85.03287820399466	0.0018320128881610398	1460355	Sphingomonas mohensis	Sphingomonas	Sphingomonadaceae	Sphingomonadales	Alphaproteobacteria	Pseudomonadota					
barcode16_120_filtered	120	270.17400446250656	0.005820833878326113	2305907	Sphingomonas gilva	Sphingomonas	Sphingomonadaceae	Sphingomonadales	Alphaproteobacteria	Pseudomonadota					
barcode16_120_filtered	158	27.038428268742017	0.0005825364272054727	2175090	Sphingomonas pokkalii	Sphingomonas	Sphingomonadaceae	Sphingomonadales	Alphaproteobacteria	Pseudomonadota					
barcode16_120_filtered	1	29.000000000000444	0.0006247980178821597	233055	Desulfitobacterium dichloroeliminans	Desulfitobacterium	Desulfitobacteriaceae	Eubacteriales	Clostridia	Bacillota					
barcode16_120_filtered	181	301.144391980481	0.006488083420887234	52692	Acetobacterium malicum	Acetobacterium	Eubacteriaceae	Eubacteriales	Clostridia	Bacillota					
barcode16_120_filtered	158	43.88263030638727	0.0009454407046512392	2782540	Sphingomonas beigongshangi	Sphingomonas	Sphingomonadaceae	Sphingomonadales	Alphaproteobacteria	Pseudomonadota					
barcode16_120_filtered	158	22.080357579675926	0.00047571598792795275	2949094	Sphingomonas liriopis	Sphingomonas	Sphingomonadaceae	Sphingomonadales	Alphaproteobacteria	Pseudomonadota					
barcode16_120_filtered	155	22.74821783558107	0.000490104876345601	2771430	Allosphingosinicella flava	Allosphingosinicella	Sphingomicrobiaceae	Sphingomonadales	Alphaproteobacteria	Pseudomonadota					
barcode16_120_filtered	220	21.000001267888848	0.000452439971299986	365341	Sphingobium aromaticiconvertens	Sphingobium	Sphingobiaceae	Sphingomonadales	Alphaproteobacteria	Pseudomonadota					
barcode16_120_filtered	22	23.48371029288103	0.0005059508842589903	2908206	Sphingomonas brevis	Sphingomonas	Sphingomonadaceae	Sphingomonadales	Alphaproteobacteria	Pseudomonadota					
barcode16_120_filtered	22	20.017862456104876	0.00043128002706247713	2908208	Sphingomonas alba	Sphingomonas	Sphingomonadaceae	Sphingomonadales	Alphaproteobacteria	Pseudomonadota					
barcode16_120_filtered	22	54.12246615087944	0.0011660555025504566	2904799	Sphingomonas cremea	Sphingomonas	Sphingomonadaceae	Sphingomonadales	Alphaproteobacteria	Pseudomonadota					
barcode16_120_filtered	192	70.01031223297484	0.0015083553211887287	1550728	Blastomonas fulva	Blastomonas	Blastomonadaceae	Sphingomonadales	Alphaproteobacteria	Pseudomonadota					
barcode16_120_filtered	79	33.99936441633463	0.0007325081205716822	65655	Hydrogenophaga palleronii	Hydrogenophaga	Comamonadaceae	Burkholderiales	Betaproteobacteria	Pseudomonadota					
barcode16_120_filtered	23	239.52389508161164	0.005160484651117347	2590199	Anaeromyxobacter diazotrophicus	Anaeromyxobacter	Anaeromyxobacteraceae	Myxococcales	Myxococcia	Myxococcota					
barcode16_120_filtered	38	89.0775494884982	0.0019191543571797523	49338	Desulfitobacterium hafniense	Desulfitobacterium	Desulfitobacteriaceae	Eubacteriales	Clostridia	Bacillota					
barcode16_120_filtered	38	26.907694353683176	0.0005797197964813784	36854	Desulfitobacterium dehalogenans	Desulfitobacterium	Desulfitobacteriaceae	Eubacteriales	Clostridia	Bacillota					
barcode16_120_filtered	139	93.08139214664449	0.0020054161832736075	173675	Sphingopyxis witflariensis	Sphingopyxis	Sphingopyxidaceae	Sphingomonadales	Alphaproteobacteria	Pseudomonadota					
barcode16_120_filtered	139	28.998534726570536	0.0006247664489188956	2871171	Sphingopyxis jiangsuensis	Sphingopyxis	Sphingopyxidaceae	Sphingomonadales	Alphaproteobacteria	Pseudomonadota					
barcode16_120_filtered	139	51.123177846573235	0.001101436558150883	33052	Sphingopyxis terrae	Sphingopyxis	Sphingopyxidaceae	Sphingomonadales	Alphaproteobacteria	Pseudomonadota					
barcode16_120_filtered	139	32.08010037714326	0.0006911580389344664	651663	Sphingopyxis bauzanensis	Sphingopyxis	Sphingopyxidaceae	Sphingomonadales	Alphaproteobacteria	Pseudomonadota					
barcode16_120_filtered	158	16.797510248602403	0.0003618983140924788	2559804	Sphingomonas flavalba	Sphingomonas	Sphingomonadaceae	Sphingomonadales	Alphaproteobacteria	Pseudomonadota					
barcode16_120_filtered	192	16.157903933841595	0.00034811815003429056	1538021	Novosphingobium tardum	Novosphingobium	Sphingomonadaceae	Sphingomonadales	Alphaproteobacteria	Pseudomonadota					
barcode16_120_filtered	22	36.63949981569629	0.000789389202104843	335605	Sphingomonas rosea	Sphingomonas	Sphingomonadaceae	Sphingomonadales	Alphaproteobacteria	Pseudomonadota					
barcode16_120_filtered	23	11.540798616958048	0.0002486437276087051	2918171	Anaeromyxobacter paludicola	Anaeromyxobacter	Anaeromyxobacteraceae	Myxococcales	Myxococcia	Myxococcota					
barcode16_120_filtered	23	15.916202518250826	0.00034291075122806904	2925406	Anaeromyxobacter terrae	Anaeromyxobacter	Anaeromyxobacteraceae	Myxococcales	Myxococcia	Myxococcota					
barcode16_120_filtered	211	108.48626868793065	0.0023373105394361876	1305696	Novosphingobium arabidopsis	Novosphingobium	Sphingomonadaceae	Sphingomonadales	Alphaproteobacteria	Pseudomonadota					
barcode16_120_filtered	155	12.509177752722543	0.00026950722293919086	2707068	Sphingomonas montis	Sphingomonas	Sphingomonadaceae	Sphingomonadales	Alphaproteobacteria	Pseudomonadota					
barcode16_120_filtered	134	83.38408521249835	0.0017964900401270785	173676	Novosphingobium hassiacum	Novosphingobium	Sphingomonadaceae	Sphingomonadales	Alphaproteobacteria	Pseudomonadota					
barcode16_120_filtered	211	24.21723404161074	0.0005217544768202249	48935	Novosphingobium aromaticivorans	Novosphingobium	Sphingomonadaceae	Sphingomonadales	Alphaproteobacteria	Pseudomonadota					
barcode16_120_filtered	22	115.93305124767615	0.0024977496767785447	2992113	Sphingomonas arvum	Sphingomonas	Sphingomonadaceae	Sphingomonadales	Alphaproteobacteria	Pseudomonadota					
barcode16_120_filtered	16	45.42058083604409	0.0009785754785315974	3375356	Desulfitobacterium nosdiversum	Desulfitobacterium	Desulfitobacteriaceae	Eubacteriales	Clostridia	Bacillota					
barcode16_120_filtered	139	27.489925450679813	0.000592263825286649	574956	Novosphingobium soli	Novosphingobium	Sphingomonadaceae	Sphingomonadales	Alphaproteobacteria	Pseudomonadota					
barcode16_120_filtered	133	43.0	0.0009264246472045675	55583	Dehalobacter restrictus	Dehalobacter	Desulfitobacteriaceae	Eubacteriales	Clostridia	Bacillota					
barcode16_120_filtered	163	23.0	0.000495529462458257	147266	Agrobacterium albertimagni	Agrobacterium	Rhizobiaceae	Hyphomicrobiales	Alphaproteobacteria	Pseudomonadota					
barcode16_120_filtered	226	17.757792502698234	0.0003825873640568401	1141888	Sphingomonas difficilis	Sphingomonas	Sphingomonadaceae	Sphingomonadales	Alphaproteobacteria	Pseudomonadota					
barcode17_120_filtered	220	25.011855452798542	0.0005350015069794986	365341	Sphingobium aromaticiconvertens	Sphingobium	Sphingobiaceae	Sphingomonadales	Alphaproteobacteria	Pseudomonadota					
barcode17_120_filtered	120	19.58706474389076	0.0004189656850953083	3163295	Sphingomonas plantiphila	Sphingomonas	Sphingomonadaceae	Sphingomonadales	Alphaproteobacteria	Pseudomonadota					
barcode17_120_filtered	120	22.81820407963827	0.0004880794866342596	3103142	Sphingomonas rustica	Sphingomonas	Sphingomonadaceae	Sphingomonadales	Alphaproteobacteria	Pseudomonadota					
barcode17_120_filtered	155	68.12870525816058	0.001457267336702115	1460355	Sphingomonas mohensis	Sphingomonas	Sphingomonadaceae	Sphingomonadales	Alphaproteobacteria	Pseudomonadota					
barcode17_120_filtered	155	26.873330674737556	0.0005748183070894218	2320861	Sphingomonas cavernae	Sphingomonas	Sphingomonadaceae	Sphingomonadales	Alphaproteobacteria	Pseudomonadota					
barcode17_120_filtered	120	1424.1540053510375	0.030462535675194916	2873268	Hephaestia mangrovi	Hephaestia	Sphingomonadaceae	Sphingomonadales	Alphaproteobacteria	Pseudomonadota					
barcode17_120_filtered	120	174.1848788393941	0.0037258000650123866	1632740	Sphingomonas zeicaulis	Sphingomonas	Sphingomonadaceae	Sphingomonadales	Alphaproteobacteria	Pseudomonadota					
barcode17_120_filtered	158	29.30222491463565	0.0006267721527803823	2175090	Sphingomonas pokkalii	Sphingomonas	Sphingomonadaceae	Sphingomonadales	Alphaproteobacteria	Pseudomonadota					
barcode17_120_filtered	120	37.80890698737712	0.0008087293745027298	397260	Sphingomonas sanxanigenens	Sphingomonas	Sphingomonadaceae	Sphingomonadales	Alphaproteobacteria	Pseudomonadota					
barcode17_120_filtered	158	21.313228969531135	0.00045588819425319534	2741495	Sphingomonas hominis	Sphingomonas	Sphingomonadaceae	Sphingomonadales	Alphaproteobacteria	Pseudomonadota					
barcode17_120_filtered	120	279.9837610519077	0.005988829352354125	2305907	Sphingomonas gilva	Sphingomonas	Sphingomonadaceae	Sphingomonadales	Alphaproteobacteria	Pseudomonadota					
barcode17_120_filtered	220	16.44923135722018	0.0003518476900434254	1395957	Sphingobium endophyticum	Sphingobium	Sphingobiaceae	Sphingomonadales	Alphaproteobacteria	Pseudomonadota					
barcode17_120_filtered	38	50.878505668453656	0.0010882870028117828	49338	Desulfitobacterium hafniense	Desulfitobacterium	Desulfitobacteriaceae	Eubacteriales	Clostridia	Bacillota					
barcode17_120_filtered	16	23.442955665104687	0.0005014428710638208	3375356	Desulfitobacterium nosdiversum	Desulfitobacterium	Desulfitobacteriaceae	Eubacteriales	Clostridia	Bacillota					
barcode17_120_filtered	139	41.54937882346972	0.0008887377558441472	651663	Sphingopyxis bauzanensis	Sphingopyxis	Sphingopyxidaceae	Sphingomonadales	Alphaproteobacteria	Pseudomonadota					
barcode17_120_filtered	139	37.41183097723528	0.0008002359516852106	2871171	Sphingopyxis jiangsuensis	Sphingopyxis	Sphingopyxidaceae	Sphingomonadales	Alphaproteobacteria	Pseudomonadota					
barcode17_120_filtered	139	77.56374874322312	0.0016590821317880497	173675	Sphingopyxis witflariensis	Sphingopyxis	Sphingopyxidaceae	Sphingomonadales	Alphaproteobacteria	Pseudomonadota					
barcode17_120_filtered	22	38.138906455991105	0.000815788035678191	335605	Sphingomonas rosea	Sphingomonas	Sphingomonadaceae	Sphingomonadales	Alphaproteobacteria	Pseudomonadota					
barcode17_120_filtered	192	17.1428495070916	0.00036668412455544483	1664572	Sphingomonas piscinae	Sphingomonas	Sphingomonadaceae	Sphingomonadales	Alphaproteobacteria	Pseudomonadota					
barcode17_120_filtered	22	140.37689921957718	0.003002650193997501	2992113	Sphingomonas arvum	Sphingomonas	Sphingomonadaceae	Sphingomonadales	Alphaproteobacteria	Pseudomonadota					
barcode17_120_filtered	139	65.4523635195247	0.001400020609602462	33052	Sphingopyxis terrae	Sphingopyxis	Sphingopyxidaceae	Sphingomonadales	Alphaproteobacteria	Pseudomonadota					
barcode17_120_filtered	192	20.980633610143165	0.00044877400719007437	1244894	Sphingomonas fonticola	Sphingomonas	Sphingomonadaceae	Sphingomonadales	Alphaproteobacteria	Pseudomonadota					
barcode17_120_filtered	181	440.4288681461982	0.009420736842980861	52692	Acetobacterium malicum	Acetobacterium	Eubacteriaceae	Eubacteriales	Clostridia	Bacillota					
barcode17_120_filtered	158	28.699243177142023	0.0006138744235875601	3096161	Parasphingomonas zepuensis	Parasphingomonas	Sphingomonadaceae	Sphingomonadales	Alphaproteobacteria	Pseudomonadota					
barcode17_120_filtered	211	84.91011525868832	0.001816220300286375	1305696	Novosphingobium arabidopsis	Novosphingobium	Sphingomonadaceae	Sphingomonadales	Alphaproteobacteria	Pseudomonadota					
barcode17_120_filtered	139	46.84724808903287	0.0010020587386159198	574956	Novosphingobium soli	Novosphingobium	Sphingomonadaceae	Sphingomonadales	Alphaproteobacteria	Pseudomonadota					
barcode17_120_filtered	23	265.5723581296173	0.0056805706429727135	2590199	Anaeromyxobacter diazotrophicus	Anaeromyxobacter	Anaeromyxobacteraceae	Myxococcales	Myxococcia	Myxococcota					
barcode17_120_filtered	22	16.843992958888872	0.00036029160785627844	386874	Sphingomonas sediminicola	Sphingomonas	Sphingomonadaceae	Sphingomonadales	Alphaproteobacteria	Pseudomonadota					
barcode17_120_filtered	120	22.01221721392986	0.0004708394946403255	529705	Sphingomonas changbaiensis	Sphingomonas	Sphingomonadaceae	Sphingomonadales	Alphaproteobacteria	Pseudomonadota					
barcode17_120_filtered	155	18.055631472313824	0.00038620845484190337	2707068	Sphingomonas montis	Sphingomonas	Sphingomonadaceae	Sphingomonadales	Alphaproteobacteria	Pseudomonadota					
barcode17_120_filtered	158	51.707907688990545	0.0011060278430191984	2782540	Sphingomonas beigongshangi	Sphingomonas	Sphingomonadaceae	Sphingomonadales	Alphaproteobacteria	Pseudomonadota					
barcode17_120_filtered	1	44.000000000000185	0.0009411563389018457	233055	Desulfitobacterium dichloroeliminans	Desulfitobacterium	Desulfitobacteriaceae	Eubacteriales	Clostridia	Bacillota					
barcode17_120_filtered	133	85.00000192346732	0.0018181429685668184	55583	Dehalobacter restrictus	Dehalobacter	Desulfitobacteriaceae	Eubacteriales	Clostridia	Bacillota					
barcode17_120_filtered	22	52.406210180856085	0.0011209644752167031	2904799	Sphingomonas cremea	Sphingomonas	Sphingomonadaceae	Sphingomonadales	Alphaproteobacteria	Pseudomonadota					
barcode17_120_filtered	134	121.00094408027448	0.0025882001257785817	173676	Novosphingobium hassiacum	Novosphingobium	Sphingomonadaceae	Sphingomonadales	Alphaproteobacteria	Pseudomonadota					
barcode17_120_filtered	23	11.429992657617074	0.00024448659189358675	2922725	Anaeromyxobacter soli	Anaeromyxobacter	Anaeromyxobacteraceae	Myxococcales	Myxococcia	Myxococcota					
barcode17_120_filtered	23	18.997649212765445	0.00040635813592790413	2918171	Anaeromyxobacter paludicola	Anaeromyxobacter	Anaeromyxobacteraceae	Myxococcales	Myxococcia	Myxococcota					
barcode17_120_filtered	79	68.99996615165189	0.0014759035347190839	65655	Hydrogenophaga palleronii	Hydrogenophaga	Comamonadaceae	Burkholderiales	Betaproteobacteria	Pseudomonadota					
barcode17_120_filtered	220	13.005558987738214	0.0002781878245970827	121428	Sphingobium xenophagum	Sphingobium	Sphingobiaceae	Sphingomonadales	Alphaproteobacteria	Pseudomonadota					
barcode17_120_filtered	22	16.5912109517002	0.0003548846217556887	2303576	Sphingomonas mesophila	Sphingomonas	Sphingomonadaceae	Sphingomonadales	Alphaproteobacteria	Pseudomonadota					
barcode17_120_filtered	192	62.7100314562674	0.0013413623549499989	1550728	Blastomonas fulva	Blastomonas	Blastomonadaceae	Sphingomonadales	Alphaproteobacteria	Pseudomonadota					
barcode17_120_filtered	192	22.502939764537746	0.00048133600916638674	1538021	Novosphingobium tardum	Novosphingobium	Sphingomonadaceae	Sphingomonadales	Alphaproteobacteria	Pseudomonadota					
barcode17_120_filtered	226	38.84783387931472	0.0008309519342755175	1141888	Sphingomonas difficilis	Sphingomonas	Sphingomonadaceae	Sphingomonadales	Alphaproteobacteria	Pseudomonadota					
barcode17_120_filtered	163	14.999999999999998	0.0003208487518983551	147266	Agrobacterium albertimagni	Agrobacterium	Rhizobiaceae	Hyphomicrobiales	Alphaproteobacteria	Pseudomonadota					
barcode18_120_filtered	139	71.57268397862161	0.0015360922861016786	173675	Sphingopyxis witflariensis	Sphingopyxis	Sphingopyxidaceae	Sphingomonadales	Alphaproteobacteria	Pseudomonadota					
barcode18_120_filtered	139	56.53582963491858	0.0012133714563016392	33052	Sphingopyxis terrae	Sphingopyxis	Sphingopyxidaceae	Sphingomonadales	Alphaproteobacteria	Pseudomonadota					
barcode18_120_filtered	139	22.644418127954683	0.0004859942938566056	651663	Sphingopyxis bauzanensis	Sphingopyxis	Sphingopyxidaceae	Sphingomonadales	Alphaproteobacteria	Pseudomonadota					
barcode18_120_filtered	139	23.416755238314327	0.0005025701858246626	2871171	Sphingopyxis jiangsuensis	Sphingopyxis	Sphingopyxidaceae	Sphingomonadales	Alphaproteobacteria	Pseudomonadota					
barcode18_120_filtered	120	38.49832849621239	0.0008262507725503796	3103142	Sphingomonas rustica	Sphingomonas	Sphingomonadaceae	Sphingomonadales	Alphaproteobacteria	Pseudomonadota					
barcode18_120_filtered	120	1554.9197349670787	0.03337167306878737	2873268	Hephaestia mangrovi	Hephaestia	Sphingomonadaceae	Sphingomonadales	Alphaproteobacteria	Pseudomonadota					
barcode18_120_filtered	120	208.3298308078289	0.004471172915135616	1632740	Sphingomonas zeicaulis	Sphingomonas	Sphingomonadaceae	Sphingomonadales	Alphaproteobacteria	Pseudomonadota					
barcode18_120_filtered	120	225.64430155161625	0.004842775927192691	2305907	Sphingomonas gilva	Sphingomonas	Sphingomonadaceae	Sphingomonadales	Alphaproteobacteria	Pseudomonadota					
barcode18_120_filtered	120	39.880822314970025	0.0008559218421893383	397260	Sphingomonas sanxanigenens	Sphingomonas	Sphingomonadaceae	Sphingomonadales	Alphaproteobacteria	Pseudomonadota					
barcode18_120_filtered	155	75.86491718708199	0.001628212155794351	1460355	Sphingomonas mohensis	Sphingomonas	Sphingomonadaceae	Sphingomonadales	Alphaproteobacteria	Pseudomonadota					
barcode18_120_filtered	158	27.60824787436322	0.0005925279622776156	2175090	Sphingomonas pokkalii	Sphingomonas	Sphingomonadaceae	Sphingomonadales	Alphaproteobacteria	Pseudomonadota					
barcode18_120_filtered	158	52.03936296989668	0.0011168683300402773	2782540	Sphingomonas beigongshangi	Sphingomonas	Sphingomonadaceae	Sphingomonadales	Alphaproteobacteria	Pseudomonadota					
barcode18_120_filtered	181	206.0004722184717	0.004421180242487696	52692	Acetobacterium malicum	Acetobacterium	Eubacteriaceae	Eubacteriales	Clostridia	Bacillota					
barcode18_120_filtered	23	188.00000000019617	0.004034854273086581	2590199	Anaeromyxobacter diazotrophicus	Anaeromyxobacter	Anaeromyxobacteraceae	Myxococcales	Myxococcia	Myxococcota					
barcode18_120_filtered	79	26.00671414055954	0.0005581558599939808	65655	Hydrogenophaga palleronii	Hydrogenophaga	Comamonadaceae	Burkholderiales	Betaproteobacteria	Pseudomonadota					
barcode18_120_filtered	211	96.87136292098384	0.00207905230117577	1305696	Novosphingobium arabidopsis	Novosphingobium	Sphingomonadaceae	Sphingomonadales	Alphaproteobacteria	Pseudomonadota					
barcode18_120_filtered	38	95.01639346361056	0.0020392409637208773	49338	Desulfitobacterium hafniense	Desulfitobacterium	Desulfitobacteriaceae	Eubacteriales	Clostridia	Bacillota					
barcode18_120_filtered	16	63.633046765253575	0.001365691865159754	3375356	Desulfitobacterium nosdiversum	Desulfitobacterium	Desulfitobacteriaceae	Eubacteriales	Clostridia	Bacillota					
barcode18_120_filtered	192	22.224905569661644	0.00047699071918405036	1244894	Sphingomonas fonticola	Sphingomonas	Sphingomonadaceae	Sphingomonadales	Alphaproteobacteria	Pseudomonadota					
barcode18_120_filtered	158	33.75363694048769	0.0007244202459648815	2559804	Sphingomonas flavalba	Sphingomonas	Sphingomonadaceae	Sphingomonadales	Alphaproteobacteria	Pseudomonadota					
barcode18_120_filtered	192	20.25313069597662	0.00043467250495721806	1538021	Novosphingobium tardum	Novosphingobium	Sphingomonadaceae	Sphingomonadales	Alphaproteobacteria	Pseudomonadota					
barcode18_120_filtered	22	30.631303051083705	0.0006574087447114157	386874	Sphingomonas sediminicola	Sphingomonas	Sphingomonadaceae	Sphingomonadales	Alphaproteobacteria	Pseudomonadota					
barcode18_120_filtered	22	18.89712939579166	0.0004055700175085131	2303576	Sphingomonas mesophila	Sphingomonas	Sphingomonadaceae	Sphingomonadales	Alphaproteobacteria	Pseudomonadota					
barcode18_120_filtered	139	35.63631039491887	0.0007648261663501496	574956	Novosphingobium soli	Novosphingobium	Sphingomonadaceae	Sphingomonadales	Alphaproteobacteria	Pseudomonadota					
barcode18_120_filtered	226	19.00389592652816	0.0004078614398104511	1141888	Sphingomonas difficilis	Sphingomonas	Sphingomonadaceae	Sphingomonadales	Alphaproteobacteria	Pseudomonadota					
barcode18_120_filtered	22	29.53038169608033	0.0006337807807031019	2904799	Sphingomonas cremea	Sphingomonas	Sphingomonadaceae	Sphingomonadales	Alphaproteobacteria	Pseudomonadota					
barcode18_120_filtered	220	17.04930554052374	0.0003659120389003679	365341	Sphingobium aromaticiconvertens	Sphingobium	Sphingobiaceae	Sphingomonadales	Alphaproteobacteria	Pseudomonadota					
barcode18_120_filtered	211	26.978652592338562	0.000579015594118096	48935	Novosphingobium aromaticivorans	Novosphingobium	Sphingomonadaceae	Sphingomonadales	Alphaproteobacteria	Pseudomonadota					
barcode18_120_filtered	134	80.95192696851974	0.0017373895129956592	173676	Novosphingobium hassiacum	Novosphingobium	Sphingomonadaceae	Sphingomonadales	Alphaproteobacteria	Pseudomonadota					
barcode18_120_filtered	192	57.906368996471784	0.0012427859594898868	1550728	Blastomonas fulva	Blastomonas	Blastomonadaceae	Sphingomonadales	Alphaproteobacteria	Pseudomonadota					
barcode18_120_filtered	163	22.0	0.0004721637979138945	147266	Agrobacterium albertimagni	Agrobacterium	Rhizobiaceae	Hyphomicrobiales	Alphaproteobacteria	Pseudomonadota					
barcode18_120_filtered	22	106.94550098033628	0.002295263359667259	2992113	Sphingomonas arvum	Sphingomonas	Sphingomonadaceae	Sphingomonadales	Alphaproteobacteria	Pseudomonadota					
barcode18_120_filtered	1	21.98471697085168	0.00047183579368269903	233055	Desulfitobacterium dichloroeliminans	Desulfitobacterium	Desulfitobacteriaceae	Eubacteriales	Clostridia	Bacillota					
barcode18_120_filtered	155	38.03278457650355	0.0008162592732219503	2707068	Sphingomonas montis	Sphingomonas	Sphingomonadaceae	Sphingomonadales	Alphaproteobacteria	Pseudomonadota					
barcode18_120_filtered	220	10.0005807250448	0.00021463237165825644	121428	Sphingobium xenophagum	Sphingobium	Sphingobiaceae	Sphingomonadales	Alphaproteobacteria	Pseudomonadota					
barcode18_120_filtered	133	61.0000000000634	0.0013091814396717046	55583	Dehalobacter restrictus	Dehalobacter	Desulfitobacteriaceae	Eubacteriales	Clostridia	Bacillota					
