sample_id	estimated_counts	abundance	tax_id	species	genus	family	order	class	phylum	clade	superkingdom	subspecies	species_subgroup	species_group
barcode13_120_filtered	215.0001898640958	0.004607903938449	52692	Acetobacterium malicum	Acetobacterium	Eubacteriaceae	Eubacteriales	Clostridia	Bacillota					
barcode13_120_filtered	165.2283880991014	0.0035411900833515	3375356	Desulfitobacterium nosdiversum	Desulfitobacterium	Desulfitobacteriaceae	Eubacteriales	Clostridia	Bacillota					
barcode13_120_filtered	146.19734132445691	0.0031333149301197	2305907	Sphingomonas gilva	Sphingomonas	Sphingomonadaceae	Sphingomonadales	Alphaproteobacteria	Pseudomonadota					
barcode13_120_filtered	124.0663369402058	0.0026590011989156	1632740	Sphingomonas zeicaulis	Sphingomonas	Sphingomonadaceae	Sphingomonadales	Alphaproteobacteria	Pseudomonadota					
barcode13_120_filtered	117.61837627000864	0.0025208079099425	33052	Sphingopyxis terrae	Sphingopyxis	Sphingopyxidaceae	Sphingomonadales	Alphaproteobacteria	Pseudomonadota					
barcode13_120_filtered	101.70954389712172	0.0021798483443091	2824118	Ideonella alba	Ideonella	Sphaerotilaceae	Burkholderiales	Betaproteobacteria	Pseudomonadota					
barcode13_120_filtered	90.21888533326066	0.0019335794880571	173676	Novosphingobium hassiacum	Novosphingobium	Sphingomonadaceae	Sphingomonadales	Alphaproteobacteria	Pseudomonadota					
barcode13_120_filtered	77.00321036950857	0.001650339920905	758826	Acidovorax radicis	Acidovorax	Comamonadaceae	Burkholderiales	Betaproteobacteria	Pseudomonadota					
barcode13_120_filtered	66.88114211293406	0.0014334028185973	2992113	Sphingomonas arvum	Sphingomonas	Sphingomonadaceae	Sphingomonadales	Alphaproteobacteria	Pseudomonadota					
barcode13_120_filtered	61.10200555980104	0.0013095438299106	173675	Sphingopyxis witflariensis	Sphingopyxis	Sphingopyxidaceae	Sphingomonadales	Alphaproteobacteria	Pseudomonadota					
barcode13_120_filtered	56.56234300927708	0.001212249362594	1078469	Sphingorhabdus planktonica	Sphingorhabdus	Sphingorhabdaceae	Sphingomonadales	Alphaproteobacteria	Pseudomonadota					
barcode13_120_filtered	46.22789489028426	0.0009907605154479	1244894	Sphingomonas fonticola	Sphingomonas	Sphingomonadaceae	Sphingomonadales	Alphaproteobacteria	Pseudomonadota					
barcode13_120_filtered	42.44899821737789	0.0009097708527267	49338	Desulfitobacterium hafniense	Desulfitobacterium	Desulfitobacteriaceae	Eubacteriales	Clostridia	Bacillota					
barcode13_120_filtered	40.99650725185107	0.0008786409321213	1141888	Sphingomonas difficilis	Sphingomonas	Sphingomonadaceae	Sphingomonadales	Alphaproteobacteria	Pseudomonadota					
barcode13_120_filtered	38.003490591031095	0.0008144943224464	2782540	Sphingomonas beigongshangi	Sphingomonas	Sphingomonadaceae	Sphingomonadales	Alphaproteobacteria	Pseudomonadota					
barcode13_120_filtered	37.45343315502659	0.0008027054406443	335605	Sphingomonas rosea	Sphingomonas	Sphingomonadaceae	Sphingomonadales	Alphaproteobacteria	Pseudomonadota					
barcode13_120_filtered	34.13569804876942	0.0007315994352379	940136	Sphingorhabdus wooponensis	Sphingorhabdus	Sphingorhabdaceae	Sphingomonadales	Alphaproteobacteria	Pseudomonadota					
barcode13_120_filtered	32.16017859481597	0.0006892599197328	3103142	Sphingomonas rustica	Sphingomonas	Sphingomonadaceae	Sphingomonadales	Alphaproteobacteria	Pseudomonadota					
barcode13_120_filtered	27.0	0.0005786664952099	2590199	Anaeromyxobacter diazotrophicus	Anaeromyxobacter	Anaeromyxobacteraceae	Myxococcales	Myxococcia	Myxococcota					
barcode13_120_filtered	26.120177938054347	0.0005598100674693	1460355	Sphingomonas mohensis	Sphingomonas	Sphingomonadaceae	Sphingomonadales	Alphaproteobacteria	Pseudomonadota					
barcode13_120_filtered	23.861271401130637	0.0005113969738127	397260	Sphingomonas sanxanigenens	Sphingomonas	Sphingomonadaceae	Sphingomonadales	Alphaproteobacteria	Pseudomonadota					
barcode13_120_filtered	22.000000000000004	0.000471506033134	65655	Hydrogenophaga palleronii	Hydrogenophaga	Comamonadaceae	Burkholderiales	Betaproteobacteria	Pseudomonadota					
barcode13_120_filtered	21.215857610273424	0.0004547002209707	2871171	Sphingopyxis jiangsuensis	Sphingopyxis	Sphingopyxidaceae	Sphingomonadales	Alphaproteobacteria	Pseudomonadota					
barcode13_120_filtered	18.89817814752988	0.0004050275005364	2559804	Sphingomonas flavalba	Sphingomonas	Sphingomonadaceae	Sphingomonadales	Alphaproteobacteria	Pseudomonadota					
barcode13_120_filtered	17.370494992897612	0.0003722860539852	2707068	Sphingomonas montis	Sphingomonas	Sphingomonadaceae	Sphingomonadales	Alphaproteobacteria	Pseudomonadota					
barcode13_120_filtered	16.37644145231024	0.0003509814066377	651663	Sphingopyxis bauzanensis	Sphingopyxis	Sphingopyxidaceae	Sphingomonadales	Alphaproteobacteria	Pseudomonadota					
barcode13_120_filtered	14.301958941953457	0.000306520905762	1282858	Sphingorhabdus rigui	Sphingorhabdus	Sphingorhabdaceae	Sphingomonadales	Alphaproteobacteria	Pseudomonadota					
barcode13_120_filtered	10.0	0.0002143209241518	2594430	Flavobacterium franklandianum	Flavobacterium	Flavobacteriaceae	Flavobacteriales	Flavobacteriia	Bacteroidota	FCB group				
barcode14_120_filtered	327.0000000358502	0.0069961489096245	52692	Acetobacterium malicum	Acetobacterium	Eubacteriaceae	Eubacteriales	Clostridia	Bacillota					
barcode14_120_filtered	256.62205757950284	0.0054904162939559	33052	Sphingopyxis terrae	Sphingopyxis	Sphingopyxidaceae	Sphingomonadales	Alphaproteobacteria	Pseudomonadota					
barcode14_120_filtered	220.67143014405892	0.004721254389047	1078469	Sphingorhabdus planktonica	Sphingorhabdus	Sphingorhabdaceae	Sphingomonadales	Alphaproteobacteria	Pseudomonadota					
barcode14_120_filtered	175.12247713023694	0.0037467367807068	2305907	Sphingomonas gilva	Sphingomonas	Sphingomonadaceae	Sphingomonadales	Alphaproteobacteria	Pseudomonadota					
barcode14_120_filtered	163.31778869193468	0.003494176052459	3375356	Desulfitobacterium nosdiversum	Desulfitobacterium	Desulfitobacteriaceae	Eubacteriales	Clostridia	Bacillota					
barcode14_120_filtered	144.69926531061307	0.0030958336609031	173676	Novosphingobium hassiacum	Novosphingobium	Sphingomonadaceae	Sphingomonadales	Alphaproteobacteria	Pseudomonadota					
barcode14_120_filtered	129.29812999653595	0.0027663271287234	1632740	Sphingomonas zeicaulis	Sphingomonas	Sphingomonadaceae	Sphingomonadales	Alphaproteobacteria	Pseudomonadota					
barcode14_120_filtered	120.76348486748796	0.0025837288161636	2824118	Ideonella alba	Ideonella	Sphaerotilaceae	Burkholderiales	Betaproteobacteria	Pseudomonadota					
barcode14_120_filtered	109.03122850864555	0.0023327177686916	2992113	Sphingomonas arvum	Sphingomonas	Sphingomonadaceae	Sphingomonadales	Alphaproteobacteria	Pseudomonadota					
barcode14_120_filtered	106.83410689112708	0.0022857104598016	173675	Sphingopyxis witflariensis	Sphingopyxis	Sphingopyxidaceae	Sphingomonadales	Alphaproteobacteria	Pseudomonadota					
barcode14_120_filtered	102.65127724314831	0.0021962190253134	758826	Acidovorax radicis	Acidovorax	Comamonadaceae	Burkholderiales	Betaproteobacteria	Pseudomonadota					
barcode14_120_filtered	84.99942513717212	0.0018185585181252	1141888	Sphingomonas difficilis	Sphingomonas	Sphingomonadaceae	Sphingomonadales	Alphaproteobacteria	Pseudomonadota					
barcode14_120_filtered	78.06597401504612	0.0016702176725512	2782540	Sphingomonas beigongshangi	Sphingomonas	Sphingomonadaceae	Sphingomonadales	Alphaproteobacteria	Pseudomonadota					
barcode14_120_filtered	69.13237253695866	0.0014790837085357	940136	Sphingorhabdus wooponensis	Sphingorhabdus	Sphingorhabdaceae	Sphingomonadales	Alphaproteobacteria	Pseudomonadota					
barcode14_120_filtered	56.96737779499029	0.001218814244651	1460355	Sphingomonas mohensis	Sphingomonas	Sphingomonadaceae	Sphingomonadales	Alphaproteobacteria	Pseudomonadota					
barcode14_120_filtered	56.94586106595114	0.001218353895292	1282858	Sphingorhabdus rigui	Sphingorhabdus	Sphingorhabdaceae	Sphingomonadales	Alphaproteobacteria	Pseudomonadota					
barcode14_120_filtered	56.10836763633089	0.001200435764577	1244894	Sphingomonas fonticola	Sphingomonas	Sphingomonadaceae	Sphingomonadales	Alphaproteobacteria	Pseudomonadota					
barcode14_120_filtered	48.83155998766736	0.0010447488230138	49338	Desulfitobacterium hafniense	Desulfitobacterium	Desulfitobacteriaceae	Eubacteriales	Clostridia	Bacillota					
barcode14_120_filtered	47.40716331442037	0.0010142739262819	2871171	Sphingopyxis jiangsuensis	Sphingopyxis	Sphingopyxidaceae	Sphingomonadales	Alphaproteobacteria	Pseudomonadota					
barcode14_120_filtered	46.09131950115143	0.0009861215126476	651663	Sphingopyxis bauzanensis	Sphingopyxis	Sphingopyxidaceae	Sphingomonadales	Alphaproteobacteria	Pseudomonadota					
barcode14_120_filtered	38.60625947194723	0.0008259790216505	335605	Sphingomonas rosea	Sphingomonas	Sphingomonadaceae	Sphingomonadales	Alphaproteobacteria	Pseudomonadota					
barcode14_120_filtered	32.56736733348696	0.0006967772215123	2904799	Sphingomonas cremea	Sphingomonas	Sphingomonadaceae	Sphingomonadales	Alphaproteobacteria	Pseudomonadota					
barcode14_120_filtered	32.00014477329852	0.0006846415227492	65655	Hydrogenophaga palleronii	Hydrogenophaga	Comamonadaceae	Burkholderiales	Betaproteobacteria	Pseudomonadota					
barcode14_120_filtered	31.557945555099103	0.0006751806922357	3103142	Sphingomonas rustica	Sphingomonas	Sphingomonadaceae	Sphingomonadales	Alphaproteobacteria	Pseudomonadota					
barcode14_120_filtered	31.0	0.00066324347454	2590199	Anaeromyxobacter diazotrophicus	Anaeromyxobacter	Anaeromyxobacteraceae	Myxococcales	Myxococcia	Myxococcota					
barcode14_120_filtered	27.514354233290813	0.0005886682548842	1778672	Novosphingobium flavum	Novosphingobium	Sphingomonadaceae	Sphingomonadales	Alphaproteobacteria	Pseudomonadota					
barcode14_120_filtered	23.209534346809743	0.0004965668452462	1305696	Novosphingobium arabidopsis	Novosphingobium	Sphingomonadaceae	Sphingomonadales	Alphaproteobacteria	Pseudomonadota					
barcode14_120_filtered	23.033100202788347	0.0004927920454169	392610	Sphingorhabdus lacus	Sphingorhabdus	Sphingorhabdaceae	Sphingomonadales	Alphaproteobacteria	Pseudomonadota					
barcode14_120_filtered	21.85666459355673	0.0004676222634479	2938948	Sphingomonas glaciei	Sphingomonas	Sphingomonadaceae	Sphingomonadales	Alphaproteobacteria	Pseudomonadota					
barcode14_120_filtered	17.006345714208415	0.0003638499297006	2559804	Sphingomonas flavalba	Sphingomonas	Sphingomonadaceae	Sphingomonadales	Alphaproteobacteria	Pseudomonadota					
barcode14_120_filtered	17.0	0.0003637141634574	147266	Agrobacterium albertimagni	Agrobacterium	Rhizobiaceae	Hyphomicrobiales	Alphaproteobacteria	Pseudomonadota					
barcode14_120_filtered	16.35036819812944	0.0003498153230237	80878	Acidovorax temperans	Acidovorax	Comamonadaceae	Burkholderiales	Betaproteobacteria	Pseudomonadota					
barcode14_120_filtered	15.111350075733103	0.0003233065912651	3056842	Novosphingobium pituita	Novosphingobium	Sphingomonadaceae	Sphingomonadales	Alphaproteobacteria	Pseudomonadota					
barcode14_120_filtered	15.00000000002086	0.0003209242618746	2358	Desulfomonile tiedjei	Desulfomonile	Desulfomonilaceae	Desulfomonilales	Desulfomonilia	Thermodesulfobacteriota					
barcode14_120_filtered	13.000000000000002	0.0002781343602909	645	Aeromonas salmonicida	Aeromonas	Aeromonadaceae	Aeromonadales	Gammaproteobacteria	Pseudomonadota					
barcode14_120_filtered	11.0	0.0002353444587077	2594430	Flavobacterium franklandianum	Flavobacterium	Flavobacteriaceae	Flavobacteriales	Flavobacteriia	Bacteroidota	FCB group				
barcode14_120_filtered	11.000000000000322	0.0002353444587077	55583	Dehalobacter restrictus	Dehalobacter	Desulfitobacteriaceae	Eubacteriales	Clostridia	Bacillota					
barcode15_120_filtered	197.9727178634021	0.0042291922382218	2305907	Sphingomonas gilva	Sphingomonas	Sphingomonadaceae	Sphingomonadales	Alphaproteobacteria	Pseudomonadota					
barcode15_120_filtered	195.0878753088087	0.0041675647883789	52692	Acetobacterium malicum	Acetobacterium	Eubacteriaceae	Eubacteriales	Clostridia	Bacillota					
barcode15_120_filtered	157.79312443775672	0.0033708556629372	33052	Sphingopyxis terrae	Sphingopyxis	Sphingopyxidaceae	Sphingomonadales	Alphaproteobacteria	Pseudomonadota					
barcode15_120_filtered	138.31068694798978	0.0029546620868597	2824118	Ideonella alba	Ideonella	Sphaerotilaceae	Burkholderiales	Betaproteobacteria	Pseudomonadota					
barcode15_120_filtered	115.03178969677325	0.0024573666381144	173676	Novosphingobium hassiacum	Novosphingobium	Sphingomonadaceae	Sphingomonadales	Alphaproteobacteria	Pseudomonadota					
barcode15_120_filtered	96.25575163354402	0.0020562635199748	2992113	Sphingomonas arvum	Sphingomonas	Sphingomonadaceae	Sphingomonadales	Alphaproteobacteria	Pseudomonadota					
barcode15_120_filtered	92.8067645343017	0.0019825845321463	3375356	Desulfitobacterium nosdiversum	Desulfitobacterium	Desulfitobacteriaceae	Eubacteriales	Clostridia	Bacillota					
barcode15_120_filtered	90.41971216618404	0.0019315911252949	1632740	Sphingomonas zeicaulis	Sphingomonas	Sphingomonadaceae	Sphingomonadales	Alphaproteobacteria	Pseudomonadota					
barcode15_120_filtered	87.01062689132172	0.0018587645402004	173675	Sphingopyxis witflariensis	Sphingopyxis	Sphingopyxidaceae	Sphingomonadales	Alphaproteobacteria	Pseudomonadota					
barcode15_120_filtered	81.66545038977829	0.0017445782057588	1078469	Sphingorhabdus planktonica	Sphingorhabdus	Sphingorhabdaceae	Sphingomonadales	Alphaproteobacteria	Pseudomonadota					
barcode15_120_filtered	79.57971347718693	0.0017000216504066	2782540	Sphingomonas beigongshangi	Sphingomonas	Sphingomonadaceae	Sphingomonadales	Alphaproteobacteria	Pseudomonadota					
barcode15_120_filtered	73.56897947079896	0.0015716173435901	553814	Acidovorax carolinensis	Acidovorax	Comamonadaceae	Burkholderiales	Betaproteobacteria	Pseudomonadota					
barcode15_120_filtered	65.72000366120068	0.0014039435957616	1141888	Sphingomonas difficilis	Sphingomonas	Sphingomonadaceae	Sphingomonadales	Alphaproteobacteria	Pseudomonadota					
barcode15_120_filtered	63.875244383296575	0.0013645349251948	1282858	Sphingorhabdus rigui	Sphingorhabdus	Sphingorhabdaceae	Sphingomonadales	Alphaproteobacteria	Pseudomonadota					
barcode15_120_filtered	53.66518490746126	0.0011464225269159	1460355	Sphingomonas mohensis	Sphingomonas	Sphingomonadaceae	Sphingomonadales	Alphaproteobacteria	Pseudomonadota					
barcode15_120_filtered	52.18599281973658	0.0011148232855469	49338	Desulfitobacterium hafniense	Desulfitobacterium	Desulfitobacteriaceae	Eubacteriales	Clostridia	Bacillota					
barcode15_120_filtered	46.03401948960176	0.0009834017536391	2590199	Anaeromyxobacter diazotrophicus	Anaeromyxobacter	Anaeromyxobacteraceae	Myxococcales	Myxococcia	Myxococcota					
barcode15_120_filtered	45.53168621700761	0.0009726706589692	335605	Sphingomonas rosea	Sphingomonas	Sphingomonadaceae	Sphingomonadales	Alphaproteobacteria	Pseudomonadota					
barcode15_120_filtered	41.62611827076192	0.0008892379626746	1244894	Sphingomonas fonticola	Sphingomonas	Sphingomonadaceae	Sphingomonadales	Alphaproteobacteria	Pseudomonadota					
barcode15_120_filtered	35.999995640038165	0.0007690499164734	147266	Agrobacterium albertimagni	Agrobacterium	Rhizobiaceae	Hyphomicrobiales	Alphaproteobacteria	Pseudomonadota					
barcode15_120_filtered	35.00000000000006	0.000747687509346	65655	Hydrogenophaga palleronii	Hydrogenophaga	Comamonadaceae	Burkholderiales	Betaproteobacteria	Pseudomonadota					
barcode15_120_filtered	33.63175428780259	0.0007184583599539	2871171	Sphingopyxis jiangsuensis	Sphingopyxis	Sphingopyxidaceae	Sphingomonadales	Alphaproteobacteria	Pseudomonadota					
barcode15_120_filtered	32.75374166387077	0.0006997018150407	2741495	Sphingomonas hominis	Sphingomonas	Sphingomonadaceae	Sphingomonadales	Alphaproteobacteria	Pseudomonadota					
barcode15_120_filtered	32.0	0.000683600008545	2358	Desulfomonile tiedjei	Desulfomonile	Desulfomonilaceae	Desulfomonilales	Desulfomonilia	Thermodesulfobacteriota					
barcode15_120_filtered	28.450416589065608	0.000607772031981	940136	Sphingorhabdus wooponensis	Sphingorhabdus	Sphingorhabdaceae	Sphingomonadales	Alphaproteobacteria	Pseudomonadota					
barcode15_120_filtered	26.81029055745531	0.0005727348391928	2904799	Sphingomonas cremea	Sphingomonas	Sphingomonadaceae	Sphingomonadales	Alphaproteobacteria	Pseudomonadota					
barcode15_120_filtered	26.658950480182117	0.0005695018367516	2698828	Sphingomonas lacunae	Sphingomonas	Sphingomonadaceae	Sphingomonadales	Alphaproteobacteria	Pseudomonadota					
barcode15_120_filtered	24.78526672060837	0.0005294752669374	1305696	Novosphingobium arabidopsis	Novosphingobium	Sphingomonadaceae	Sphingomonadales	Alphaproteobacteria	Pseudomonadota					
barcode15_120_filtered	23.318688004634048	0.0004981454787258	397260	Sphingomonas sanxanigenens	Sphingomonas	Sphingomonadaceae	Sphingomonadales	Alphaproteobacteria	Pseudomonadota					
barcode15_120_filtered	21.814103905489237	0.000466003800506	758826	Acidovorax radicis	Acidovorax	Comamonadaceae	Burkholderiales	Betaproteobacteria	Pseudomonadota					
barcode15_120_filtered	19.123312779739063	0.0004085217743636	651663	Sphingopyxis bauzanensis	Sphingopyxis	Sphingopyxidaceae	Sphingomonadales	Alphaproteobacteria	Pseudomonadota					
barcode15_120_filtered	18.01112518082686	0.0003847626664849	31996	Beijerinckia derxii	Beijerinckia	Beijerinckiaceae	Hyphomicrobiales	Alphaproteobacteria	Pseudomonadota					
barcode15_120_filtered	17.232390023052886	0.000368126936469	3103142	Sphingomonas rustica	Sphingomonas	Sphingomonadaceae	Sphingomonadales	Alphaproteobacteria	Pseudomonadota					
barcode15_120_filtered	16.0002262194281	0.000341804836885	1979270	Sphingomonas crocodyli	Sphingomonas	Sphingomonadaceae	Sphingomonadales	Alphaproteobacteria	Pseudomonadota					
barcode15_120_filtered	14.183469045203218	0.0003029943612655	2871811	Novosphingobium percolationis	Novosphingobium	Sphingomonadaceae	Sphingomonadales	Alphaproteobacteria	Pseudomonadota					
barcode15_120_filtered	13.965980510398236	0.0002983482623827	2918171	Anaeromyxobacter paludicola	Anaeromyxobacter	Anaeromyxobacteraceae	Myxococcales	Myxococcia	Myxococcota					
barcode15_120_filtered	11.00036192848537	0.0002349952346347	392610	Sphingorhabdus lacus	Sphingorhabdus	Sphingorhabdaceae	Sphingomonadales	Alphaproteobacteria	Pseudomonadota					
barcode16_120_filtered	301.144391980481	0.0064880834208872	52692	Acetobacterium malicum	Acetobacterium	Eubacteriaceae	Eubacteriales	Clostridia	Bacillota					
barcode16_120_filtered	270.17400446250656	0.0058208338783261	2305907	Sphingomonas gilva	Sphingomonas	Sphingomonadaceae	Sphingomonadales	Alphaproteobacteria	Pseudomonadota					
barcode16_120_filtered	239.52389508161164	0.0051604846511173	2590199	Anaeromyxobacter diazotrophicus	Anaeromyxobacter	Anaeromyxobacteraceae	Myxococcales	Myxococcia	Myxococcota					
barcode16_120_filtered	215.70500139946196	0.0046473123214362	1632740	Sphingomonas zeicaulis	Sphingomonas	Sphingomonadaceae	Sphingomonadales	Alphaproteobacteria	Pseudomonadota					
barcode16_120_filtered	115.93305124767616	0.0024977496767785	2992113	Sphingomonas arvum	Sphingomonas	Sphingomonadaceae	Sphingomonadales	Alphaproteobacteria	Pseudomonadota					
barcode16_120_filtered	108.48626868793065	0.0023373105394361	1305696	Novosphingobium arabidopsis	Novosphingobium	Sphingomonadaceae	Sphingomonadales	Alphaproteobacteria	Pseudomonadota					
barcode16_120_filtered	93.08139214664448	0.0020054161832736	173675	Sphingopyxis witflariensis	Sphingopyxis	Sphingopyxidaceae	Sphingomonadales	Alphaproteobacteria	Pseudomonadota					
barcode16_120_filtered	92.06368562151516	0.0019834899412154	2824118	Ideonella alba	Ideonella	Sphaerotilaceae	Burkholderiales	Betaproteobacteria	Pseudomonadota					
barcode16_120_filtered	89.0775494884982	0.0019191543571797	49338	Desulfitobacterium hafniense	Desulfitobacterium	Desulfitobacteriaceae	Eubacteriales	Clostridia	Bacillota					
barcode16_120_filtered	85.03287820399466	0.001832012888161	1460355	Sphingomonas mohensis	Sphingomonas	Sphingomonadaceae	Sphingomonadales	Alphaproteobacteria	Pseudomonadota					
barcode16_120_filtered	83.38408521249835	0.001796490040127	173676	Novosphingobium hassiacum	Novosphingobium	Sphingomonadaceae	Sphingomonadales	Alphaproteobacteria	Pseudomonadota					
barcode16_120_filtered	64.80364118340982	0.0013961788469979	397260	Sphingomonas sanxanigenens	Sphingomonas	Sphingomonadaceae	Sphingomonadales	Alphaproteobacteria	Pseudomonadota					
barcode16_120_filtered	54.12246615087944	0.0011660555025504	2904799	Sphingomonas cremea	Sphingomonas	Sphingomonadaceae	Sphingomonadales	Alphaproteobacteria	Pseudomonadota					
barcode16_120_filtered	51.12317784657324	0.0011014365581508	33052	Sphingopyxis terrae	Sphingopyxis	Sphingopyxidaceae	Sphingomonadales	Alphaproteobacteria	Pseudomonadota					
barcode16_120_filtered	48.355354842198885	0.0010418044779101	3103142	Sphingomonas rustica	Sphingomonas	Sphingomonadaceae	Sphingomonadales	Alphaproteobacteria	Pseudomonadota					
barcode16_120_filtered	45.42058083604409	0.0009785754785315	3375356	Desulfitobacterium nosdiversum	Desulfitobacterium	Desulfitobacteriaceae	Eubacteriales	Clostridia	Bacillota					
barcode16_120_filtered	43.88263030638727	0.0009454407046512	2782540	Sphingomonas beigongshangi	Sphingomonas	Sphingomonadaceae	Sphingomonadales	Alphaproteobacteria	Pseudomonadota					
barcode16_120_filtered	43.0	0.0009264246472045	55583	Dehalobacter restrictus	Dehalobacter	Desulfitobacteriaceae	Eubacteriales	Clostridia	Bacillota					
barcode16_120_filtered	36.63949981569629	0.0007893892021048	335605	Sphingomonas rosea	Sphingomonas	Sphingomonadaceae	Sphingomonadales	Alphaproteobacteria	Pseudomonadota					
barcode16_120_filtered	34.48427900735899	0.0007429554886859	553814	Acidovorax carolinensis	Acidovorax	Comamonadaceae	Burkholderiales	Betaproteobacteria	Pseudomonadota					
barcode16_120_filtered	33.99936441633463	0.0007325081205716	65655	Hydrogenophaga palleronii	Hydrogenophaga	Comamonadaceae	Burkholderiales	Betaproteobacteria	Pseudomonadota					
barcode16_120_filtered	32.08010037714326	0.0006911580389344	651663	Sphingopyxis bauzanensis	Sphingopyxis	Sphingopyxidaceae	Sphingomonadales	Alphaproteobacteria	Pseudomonadota					
barcode16_120_filtered	29.000000000000444	0.0006247980178821	233055	Desulfitobacterium dichloroeliminans	Desulfitobacterium	Desulfitobacteriaceae	Eubacteriales	Clostridia	Bacillota					
barcode16_120_filtered	28.998534726570536	0.0006247664489188	2871171	Sphingopyxis jiangsuensis	Sphingopyxis	Sphingopyxidaceae	Sphingomonadales	Alphaproteobacteria	Pseudomonadota					
barcode16_120_filtered	27.489925450679813	0.0005922638252866	574956	Novosphingobium soli	Novosphingobium	Sphingomonadaceae	Sphingomonadales	Alphaproteobacteria	Pseudomonadota					
barcode16_120_filtered	27.038428268742017	0.0005825364272054	2175090	Sphingomonas pokkalii	Sphingomonas	Sphingomonadaceae	Sphingomonadales	Alphaproteobacteria	Pseudomonadota					
barcode16_120_filtered	26.907694353683176	0.0005797197964813	36854	Desulfitobacterium dehalogenans	Desulfitobacterium	Desulfitobacteriaceae	Eubacteriales	Clostridia	Bacillota					
barcode16_120_filtered	25.29766242126681	0.000545032046133	1078469	Sphingorhabdus planktonica	Sphingorhabdus	Sphingorhabdaceae	Sphingomonadales	Alphaproteobacteria	Pseudomonadota					
barcode16_120_filtered	24.21723404161074	0.0005217544768202	48935	Novosphingobium aromaticivorans	Novosphingobium	Sphingomonadaceae	Sphingomonadales	Alphaproteobacteria	Pseudomonadota					
barcode16_120_filtered	23.513271275660863	0.0005065877685158	758826	Acidovorax radicis	Acidovorax	Comamonadaceae	Burkholderiales	Betaproteobacteria	Pseudomonadota					
barcode16_120_filtered	23.48371029288103	0.0005059508842589	2908206	Sphingomonas brevis	Sphingomonas	Sphingomonadaceae	Sphingomonadales	Alphaproteobacteria	Pseudomonadota					
barcode16_120_filtered	23.0	0.0004955294624582	147266	Agrobacterium albertimagni	Agrobacterium	Rhizobiaceae	Hyphomicrobiales	Alphaproteobacteria	Pseudomonadota					
barcode16_120_filtered	22.08035757967593	0.0004757159879279	2949094	Sphingomonas liriopis	Sphingomonas	Sphingomonadaceae	Sphingomonadales	Alphaproteobacteria	Pseudomonadota					
barcode16_120_filtered	21.157427820115448	0.0004558316884652	12917	Acidovorax facilis	Acidovorax	Comamonadaceae	Burkholderiales	Betaproteobacteria	Pseudomonadota					
barcode16_120_filtered	21.000001267888848	0.0004524399712999	365341	Sphingobium aromaticiconvertens	Sphingobium	Sphingobiaceae	Sphingomonadales	Alphaproteobacteria	Pseudomonadota					
barcode16_120_filtered	20.01786245610488	0.0004312800270624	2908208	Sphingomonas alba	Sphingomonas	Sphingomonadaceae	Sphingomonadales	Alphaproteobacteria	Pseudomonadota					
barcode16_120_filtered	19.000975405233035	0.0004093714403798	1282858	Sphingorhabdus rigui	Sphingorhabdus	Sphingorhabdaceae	Sphingomonadales	Alphaproteobacteria	Pseudomonadota					
barcode16_120_filtered	17.757792502698234	0.0003825873640568	1141888	Sphingomonas difficilis	Sphingomonas	Sphingomonadaceae	Sphingomonadales	Alphaproteobacteria	Pseudomonadota					
barcode16_120_filtered	16.797510248602403	0.0003618983140924	2559804	Sphingomonas flavalba	Sphingomonas	Sphingomonadaceae	Sphingomonadales	Alphaproteobacteria	Pseudomonadota					
barcode16_120_filtered	16.236512740839952	0.000349811757855	392610	Sphingorhabdus lacus	Sphingorhabdus	Sphingorhabdaceae	Sphingomonadales	Alphaproteobacteria	Pseudomonadota					
barcode16_120_filtered	16.157903933841595	0.0003481181500342	1538021	Novosphingobium tardum	Novosphingobium	Sphingomonadaceae	Sphingomonadales	Alphaproteobacteria	Pseudomonadota					
barcode16_120_filtered	16.00000521799304	0.0003447162602174	285	Comamonas testosteroni	Comamonas	Comamonadaceae	Burkholderiales	Betaproteobacteria	Pseudomonadota					
barcode16_120_filtered	15.916202518250826	0.000342910751228	2925406	Anaeromyxobacter terrae	Anaeromyxobacter	Anaeromyxobacteraceae	Myxococcales	Myxococcia	Myxococcota					
barcode16_120_filtered	15.61752115131162	0.0003364757330886	1387166	Sphingobium mellinum	Sphingobium	Sphingobiaceae	Sphingomonadales	Alphaproteobacteria	Pseudomonadota					
barcode16_120_filtered	13.464849796327014	0.0002900969470284	940136	Sphingorhabdus wooponensis	Sphingorhabdus	Sphingorhabdaceae	Sphingomonadales	Alphaproteobacteria	Pseudomonadota					
barcode16_120_filtered	13.3824788486887	0.0002883222847934	2933566	Sphingobium agri	Sphingobium	Sphingobiaceae	Sphingomonadales	Alphaproteobacteria	Pseudomonadota					
barcode16_120_filtered	12.509177752722543	0.0002695072229391	2707068	Sphingomonas montis	Sphingomonas	Sphingomonadaceae	Sphingomonadales	Alphaproteobacteria	Pseudomonadota					
barcode16_120_filtered	12.0	0.0002585371108477	2594430	Flavobacterium franklandianum	Flavobacterium	Flavobacteriaceae	Flavobacteriales	Flavobacteriia	Bacteroidota	FCB group				
barcode16_120_filtered	11.540798616958048	0.0002486437276087	2918171	Anaeromyxobacter paludicola	Anaeromyxobacter	Anaeromyxobacteraceae	Myxococcales	Myxococcia	Myxococcota					
barcode17_120_filtered	440.4288681461982	0.0094207368429808	52692	Acetobacterium malicum	Acetobacterium	Eubacteriaceae	Eubacteriales	Clostridia	Bacillota					
barcode17_120_filtered	279.9837610519077	0.0059888293523541	2305907	Sphingomonas gilva	Sphingomonas	Sphingomonadaceae	Sphingomonadales	Alphaproteobacteria	Pseudomonadota					
barcode17_120_filtered	265.5723581296173	0.0056805706429727	2590199	Anaeromyxobacter diazotrophicus	Anaeromyxobacter	Anaeromyxobacteraceae	Myxococcales	Myxococcia	Myxococcota					
barcode17_120_filtered	174.1848788393941	0.0037258000650123	1632740	Sphingomonas zeicaulis	Sphingomonas	Sphingomonadaceae	Sphingomonadales	Alphaproteobacteria	Pseudomonadota					
barcode17_120_filtered	140.37689921957718	0.0030026501939975	2992113	Sphingomonas arvum	Sphingomonas	Sphingomonadaceae	Sphingomonadales	Alphaproteobacteria	Pseudomonadota					
barcode17_120_filtered	121.00094408027448	0.0025882001257785	173676	Novosphingobium hassiacum	Novosphingobium	Sphingomonadaceae	Sphingomonadales	Alphaproteobacteria	Pseudomonadota					
barcode17_120_filtered	120.11074226532776	0.0025691587830276	2824118	Ideonella alba	Ideonella	Sphaerotilaceae	Burkholderiales	Betaproteobacteria	Pseudomonadota					
barcode17_120_filtered	85.00000192346732	0.0018181429685668	55583	Dehalobacter restrictus	Dehalobacter	Desulfitobacteriaceae	Eubacteriales	Clostridia	Bacillota					
barcode17_120_filtered	84.91011525868832	0.0018162203002863	1305696	Novosphingobium arabidopsis	Novosphingobium	Sphingomonadaceae	Sphingomonadales	Alphaproteobacteria	Pseudomonadota					
barcode17_120_filtered	77.56374874322312	0.001659082131788	173675	Sphingopyxis witflariensis	Sphingopyxis	Sphingopyxidaceae	Sphingomonadales	Alphaproteobacteria	Pseudomonadota					
barcode17_120_filtered	68.99996615165189	0.001475903534719	65655	Hydrogenophaga palleronii	Hydrogenophaga	Comamonadaceae	Burkholderiales	Betaproteobacteria	Pseudomonadota					
barcode17_120_filtered	68.26258711074529	0.001460131058389	1078469	Sphingorhabdus planktonica	Sphingorhabdus	Sphingorhabdaceae	Sphingomonadales	Alphaproteobacteria	Pseudomonadota					
barcode17_120_filtered	68.12870525816058	0.0014572673367021	1460355	Sphingomonas mohensis	Sphingomonas	Sphingomonadaceae	Sphingomonadales	Alphaproteobacteria	Pseudomonadota					
barcode17_120_filtered	65.4523635195247	0.0014000206096024	33052	Sphingopyxis terrae	Sphingopyxis	Sphingopyxidaceae	Sphingomonadales	Alphaproteobacteria	Pseudomonadota					
barcode17_120_filtered	52.406210180856085	0.0011209644752167	2904799	Sphingomonas cremea	Sphingomonas	Sphingomonadaceae	Sphingomonadales	Alphaproteobacteria	Pseudomonadota					
barcode17_120_filtered	51.70790768899055	0.0011060278430191	2782540	Sphingomonas beigongshangi	Sphingomonas	Sphingomonadaceae	Sphingomonadales	Alphaproteobacteria	Pseudomonadota					
barcode17_120_filtered	51.62332093194958	0.0011042185393242	940136	Sphingorhabdus wooponensis	Sphingorhabdus	Sphingorhabdaceae	Sphingomonadales	Alphaproteobacteria	Pseudomonadota					
barcode17_120_filtered	50.878505668453656	0.0010882870028117	49338	Desulfitobacterium hafniense	Desulfitobacterium	Desulfitobacteriaceae	Eubacteriales	Clostridia	Bacillota					
barcode17_120_filtered	49.5164316755749	0.0010591523534378	553814	Acidovorax carolinensis	Acidovorax	Comamonadaceae	Burkholderiales	Betaproteobacteria	Pseudomonadota					
barcode17_120_filtered	46.84724808903287	0.0010020587386159	574956	Novosphingobium soli	Novosphingobium	Sphingomonadaceae	Sphingomonadales	Alphaproteobacteria	Pseudomonadota					
barcode17_120_filtered	44.000000000000185	0.0009411563389018	233055	Desulfitobacterium dichloroeliminans	Desulfitobacterium	Desulfitobacteriaceae	Eubacteriales	Clostridia	Bacillota					
barcode17_120_filtered	41.54937882346972	0.0008887377558441	651663	Sphingopyxis bauzanensis	Sphingopyxis	Sphingopyxidaceae	Sphingomonadales	Alphaproteobacteria	Pseudomonadota					
barcode17_120_filtered	38.84783387931472	0.0008309519342755	1141888	Sphingomonas difficilis	Sphingomonas	Sphingomonadaceae	Sphingomonadales	Alphaproteobacteria	Pseudomonadota					
barcode17_120_filtered	38.13890645599111	0.0008157880356781	335605	Sphingomonas rosea	Sphingomonas	Sphingomonadaceae	Sphingomonadales	Alphaproteobacteria	Pseudomonadota					
barcode17_120_filtered	37.80890698737712	0.0008087293745027	397260	Sphingomonas sanxanigenens	Sphingomonas	Sphingomonadaceae	Sphingomonadales	Alphaproteobacteria	Pseudomonadota					
barcode17_120_filtered	37.41183097723528	0.0008002359516852	2871171	Sphingopyxis jiangsuensis	Sphingopyxis	Sphingopyxidaceae	Sphingomonadales	Alphaproteobacteria	Pseudomonadota					
barcode17_120_filtered	29.30222491463565	0.0006267721527803	2175090	Sphingomonas pokkalii	Sphingomonas	Sphingomonadaceae	Sphingomonadales	Alphaproteobacteria	Pseudomonadota					
barcode17_120_filtered	27.79307626964486	0.0005944915888354	1282858	Sphingorhabdus rigui	Sphingorhabdus	Sphingorhabdaceae	Sphingomonadales	Alphaproteobacteria	Pseudomonadota					
barcode17_120_filtered	26.87333067473756	0.0005748183070894	2320861	Sphingomonas cavernae	Sphingomonas	Sphingomonadaceae	Sphingomonadales	Alphaproteobacteria	Pseudomonadota					
barcode17_120_filtered	25.011855452798542	0.0005350015069794	365341	Sphingobium aromaticiconvertens	Sphingobium	Sphingobiaceae	Sphingomonadales	Alphaproteobacteria	Pseudomonadota					
barcode17_120_filtered	23.442955665104687	0.0005014428710638	3375356	Desulfitobacterium nosdiversum	Desulfitobacterium	Desulfitobacteriaceae	Eubacteriales	Clostridia	Bacillota					
barcode17_120_filtered	22.81820407963827	0.0004880794866342	3103142	Sphingomonas rustica	Sphingomonas	Sphingomonadaceae	Sphingomonadales	Alphaproteobacteria	Pseudomonadota					
barcode17_120_filtered	22.502939764537743	0.0004813360091663	1538021	Novosphingobium tardum	Novosphingobium	Sphingomonadaceae	Sphingomonadales	Alphaproteobacteria	Pseudomonadota					
barcode17_120_filtered	22.01221721392986	0.0004708394946403	529705	Sphingomonas changbaiensis	Sphingomonas	Sphingomonadaceae	Sphingomonadales	Alphaproteobacteria	Pseudomonadota					
barcode17_120_filtered	21.31322896953113	0.0004558881942531	2741495	Sphingomonas hominis	Sphingomonas	Sphingomonadaceae	Sphingomonadales	Alphaproteobacteria	Pseudomonadota					
barcode17_120_filtered	21.24053619867957	0.0004543333019332	2987520	Acidovorax benzenivorans	Acidovorax	Comamonadaceae	Burkholderiales	Betaproteobacteria	Pseudomonadota					
barcode17_120_filtered	20.980633610143165	0.00044877400719	1244894	Sphingomonas fonticola	Sphingomonas	Sphingomonadaceae	Sphingomonadales	Alphaproteobacteria	Pseudomonadota					
barcode17_120_filtered	20.04774989691419	0.0004288197021863	392610	Sphingorhabdus lacus	Sphingorhabdus	Sphingorhabdaceae	Sphingomonadales	Alphaproteobacteria	Pseudomonadota					
barcode17_120_filtered	19.58706474389076	0.0004189656850953	3163295	Sphingomonas plantiphila	Sphingomonas	Sphingomonadaceae	Sphingomonadales	Alphaproteobacteria	Pseudomonadota					
barcode17_120_filtered	18.997649212765445	0.0004063581359279	2918171	Anaeromyxobacter paludicola	Anaeromyxobacter	Anaeromyxobacteraceae	Myxococcales	Myxococcia	Myxococcota					
barcode17_120_filtered	18.055631472313824	0.0003862084548419	2707068	Sphingomonas montis	Sphingomonas	Sphingomonadaceae	Sphingomonadales	Alphaproteobacteria	Pseudomonadota					
barcode17_120_filtered	17.1428495070916	0.0003666841245554	1664572	Sphingomonas piscinae	Sphingomonas	Sphingomonadaceae	Sphingomonadales	Alphaproteobacteria	Pseudomonadota					
barcode17_120_filtered	16.843992958888872	0.0003602916078562	386874	Sphingomonas sediminicola	Sphingomonas	Sphingomonadaceae	Sphingomonadales	Alphaproteobacteria	Pseudomonadota					
barcode17_120_filtered	16.5912109517002	0.0003548846217556	2303576	Sphingomonas mesophila	Sphingomonas	Sphingomonadaceae	Sphingomonadales	Alphaproteobacteria	Pseudomonadota					
barcode17_120_filtered	16.44923135722018	0.0003518476900434	1395957	Sphingobium endophyticum	Sphingobium	Sphingobiaceae	Sphingomonadales	Alphaproteobacteria	Pseudomonadota					
barcode17_120_filtered	14.999999999999998	0.0003208487518983	147266	Agrobacterium albertimagni	Agrobacterium	Rhizobiaceae	Hyphomicrobiales	Alphaproteobacteria	Pseudomonadota					
barcode17_120_filtered	13.9999523991632	0.0002994578169271	1387166	Sphingobium mellinum	Sphingobium	Sphingobiaceae	Sphingomonadales	Alphaproteobacteria	Pseudomonadota					
barcode17_120_filtered	13.005558987738214	0.000278187824597	121428	Sphingobium xenophagum	Sphingobium	Sphingobiaceae	Sphingomonadales	Alphaproteobacteria	Pseudomonadota					
barcode17_120_filtered	13.000000000057266	0.0002780689183131	2594430	Flavobacterium franklandianum	Flavobacterium	Flavobacteriaceae	Flavobacteriales	Flavobacteriia	Bacteroidota	FCB group				
barcode17_120_filtered	11.429992657617074	0.0002444865918935	2922725	Anaeromyxobacter soli	Anaeromyxobacter	Anaeromyxobacteraceae	Myxococcales	Myxococcia	Myxococcota					
barcode17_120_filtered	10.00003975040556	0.0002139000181901	2933566	Sphingobium agri	Sphingobium	Sphingobiaceae	Sphingomonadales	Alphaproteobacteria	Pseudomonadota					
barcode18_120_filtered	225.64430155161625	0.0048427759271926	2305907	Sphingomonas gilva	Sphingomonas	Sphingomonadaceae	Sphingomonadales	Alphaproteobacteria	Pseudomonadota					
barcode18_120_filtered	208.3298308078289	0.0044711729151356	1632740	Sphingomonas zeicaulis	Sphingomonas	Sphingomonadaceae	Sphingomonadales	Alphaproteobacteria	Pseudomonadota					
barcode18_120_filtered	206.0004722184717	0.0044211802424876	52692	Acetobacterium malicum	Acetobacterium	Eubacteriaceae	Eubacteriales	Clostridia	Bacillota					
barcode18_120_filtered	188.00000000019617	0.0040348542730865	2590199	Anaeromyxobacter diazotrophicus	Anaeromyxobacter	Anaeromyxobacteraceae	Myxococcales	Myxococcia	Myxococcota					
barcode18_120_filtered	106.94550098033628	0.0022952633596672	2992113	Sphingomonas arvum	Sphingomonas	Sphingomonadaceae	Sphingomonadales	Alphaproteobacteria	Pseudomonadota					
barcode18_120_filtered	96.87136292098384	0.0020790523011757	1305696	Novosphingobium arabidopsis	Novosphingobium	Sphingomonadaceae	Sphingomonadales	Alphaproteobacteria	Pseudomonadota					
barcode18_120_filtered	95.01639346361056	0.0020392409637208	49338	Desulfitobacterium hafniense	Desulfitobacterium	Desulfitobacteriaceae	Eubacteriales	Clostridia	Bacillota					
barcode18_120_filtered	82.55876404994781	0.0017718754356772	2824118	Ideonella alba	Ideonella	Sphaerotilaceae	Burkholderiales	Betaproteobacteria	Pseudomonadota					
barcode18_120_filtered	80.95192696851974	0.0017373895129956	173676	Novosphingobium hassiacum	Novosphingobium	Sphingomonadaceae	Sphingomonadales	Alphaproteobacteria	Pseudomonadota					
barcode18_120_filtered	75.86491718708199	0.0016282121557943	1460355	Sphingomonas mohensis	Sphingomonas	Sphingomonadaceae	Sphingomonadales	Alphaproteobacteria	Pseudomonadota					
barcode18_120_filtered	71.57268397862161	0.0015360922861016	173675	Sphingopyxis witflariensis	Sphingopyxis	Sphingopyxidaceae	Sphingomonadales	Alphaproteobacteria	Pseudomonadota					
barcode18_120_filtered	70.67574820834854	0.001516842258839	553814	Acidovorax carolinensis	Acidovorax	Comamonadaceae	Burkholderiales	Betaproteobacteria	Pseudomonadota					
barcode18_120_filtered	63.633046765253575	0.0013656918651597	3375356	Desulfitobacterium nosdiversum	Desulfitobacterium	Desulfitobacteriaceae	Eubacteriales	Clostridia	Bacillota					
barcode18_120_filtered	61.0000000000634	0.0013091814396717	55583	Dehalobacter restrictus	Dehalobacter	Desulfitobacteriaceae	Eubacteriales	Clostridia	Bacillota					
barcode18_120_filtered	56.53582963491858	0.0012133714563016	33052	Sphingopyxis terrae	Sphingopyxis	Sphingopyxidaceae	Sphingomonadales	Alphaproteobacteria	Pseudomonadota					
barcode18_120_filtered	53.7124330865118	0.0011527757455146	1282858	Sphingorhabdus rigui	Sphingorhabdus	Sphingorhabdaceae	Sphingomonadales	Alphaproteobacteria	Pseudomonadota					
barcode18_120_filtered	52.03936296989668	0.0011168683300402	2782540	Sphingomonas beigongshangi	Sphingomonas	Sphingomonadaceae	Sphingomonadales	Alphaproteobacteria	Pseudomonadota					
barcode18_120_filtered	39.880822314970025	0.0008559218421893	397260	Sphingomonas sanxanigenens	Sphingomonas	Sphingomonadaceae	Sphingomonadales	Alphaproteobacteria	Pseudomonadota					
barcode18_120_filtered	38.49832849621239	0.0008262507725503	3103142	Sphingomonas rustica	Sphingomonas	Sphingomonadaceae	Sphingomonadales	Alphaproteobacteria	Pseudomonadota					
barcode18_120_filtered	38.03278457650355	0.0008162592732219	2707068	Sphingomonas montis	Sphingomonas	Sphingomonadaceae	Sphingomonadales	Alphaproteobacteria	Pseudomonadota					
barcode18_120_filtered	35.63631039491887	0.0007648261663501	574956	Novosphingobium soli	Novosphingobium	Sphingomonadaceae	Sphingomonadales	Alphaproteobacteria	Pseudomonadota					
barcode18_120_filtered	33.75363694048769	0.0007244202459648	2559804	Sphingomonas flavalba	Sphingomonas	Sphingomonadaceae	Sphingomonadales	Alphaproteobacteria	Pseudomonadota					
barcode18_120_filtered	30.631303051083705	0.0006574087447114	386874	Sphingomonas sediminicola	Sphingomonas	Sphingomonadaceae	Sphingomonadales	Alphaproteobacteria	Pseudomonadota					
barcode18_120_filtered	29.53038169608033	0.0006337807807031	2904799	Sphingomonas cremea	Sphingomonas	Sphingomonadaceae	Sphingomonadales	Alphaproteobacteria	Pseudomonadota					
barcode18_120_filtered	27.60824787436322	0.0005925279622776	2175090	Sphingomonas pokkalii	Sphingomonas	Sphingomonadaceae	Sphingomonadales	Alphaproteobacteria	Pseudomonadota					
barcode18_120_filtered	26.97865259233856	0.000579015594118	48935	Novosphingobium aromaticivorans	Novosphingobium	Sphingomonadaceae	Sphingomonadales	Alphaproteobacteria	Pseudomonadota					
barcode18_120_filtered	26.00671414055954	0.0005581558599939	65655	Hydrogenophaga palleronii	Hydrogenophaga	Comamonadaceae	Burkholderiales	Betaproteobacteria	Pseudomonadota					
barcode18_120_filtered	23.416755238314327	0.0005025701858246	2871171	Sphingopyxis jiangsuensis	Sphingopyxis	Sphingopyxidaceae	Sphingomonadales	Alphaproteobacteria	Pseudomonadota					
barcode18_120_filtered	22.644418127954683	0.0004859942938566	651663	Sphingopyxis bauzanensis	Sphingopyxis	Sphingopyxidaceae	Sphingomonadales	Alphaproteobacteria	Pseudomonadota					
barcode18_120_filtered	22.224905569661644	0.000476990719184	1244894	Sphingomonas fonticola	Sphingomonas	Sphingomonadaceae	Sphingomonadales	Alphaproteobacteria	Pseudomonadota					
barcode18_120_filtered	22.0	0.0004721637979138	147266	Agrobacterium albertimagni	Agrobacterium	Rhizobiaceae	Hyphomicrobiales	Alphaproteobacteria	Pseudomonadota					
barcode18_120_filtered	21.98471697085168	0.0004718357936826	233055	Desulfitobacterium dichloroeliminans	Desulfitobacterium	Desulfitobacteriaceae	Eubacteriales	Clostridia	Bacillota					
barcode18_120_filtered	20.25313069597662	0.0004346725049572	1538021	Novosphingobium tardum	Novosphingobium	Sphingomonadaceae	Sphingomonadales	Alphaproteobacteria	Pseudomonadota					
barcode18_120_filtered	20.044318831511653	0.0004301909866401	940136	Sphingorhabdus wooponensis	Sphingorhabdus	Sphingorhabdaceae	Sphingomonadales	Alphaproteobacteria	Pseudomonadota					
barcode18_120_filtered	19.00389592652816	0.0004078614398104	1141888	Sphingomonas difficilis	Sphingomonas	Sphingomonadaceae	Sphingomonadales	Alphaproteobacteria	Pseudomonadota					
barcode18_120_filtered	18.89712939579166	0.0004055700175085	2303576	Sphingomonas mesophila	Sphingomonas	Sphingomonadaceae	Sphingomonadales	Alphaproteobacteria	Pseudomonadota					
barcode18_120_filtered	17.04930554052374	0.0003659120389003	365341	Sphingobium aromaticiconvertens	Sphingobium	Sphingobiaceae	Sphingomonadales	Alphaproteobacteria	Pseudomonadota					
barcode18_120_filtered	17.0	0.0003648538438425	2594430	Flavobacterium franklandianum	Flavobacterium	Flavobacteriaceae	Flavobacteriales	Flavobacteriia	Bacteroidota	FCB group				
barcode18_120_filtered	16.243306133190817	0.0003486136870238	1078469	Sphingorhabdus planktonica	Sphingorhabdus	Sphingorhabdaceae	Sphingomonadales	Alphaproteobacteria	Pseudomonadota					
barcode18_120_filtered	14.999660048447874	0.0003219225661769	392610	Sphingorhabdus lacus	Sphingorhabdus	Sphingorhabdaceae	Sphingomonadales	Alphaproteobacteria	Pseudomonadota					
barcode18_120_filtered	12.000000000000002	0.0002575438897712	645	Aeromonas salmonicida	Aeromonas	Aeromonadaceae	Aeromonadales	Gammaproteobacteria	Pseudomonadota					
barcode18_120_filtered	10.0005807250448	0.0002146323716582	121428	Sphingobium xenophagum	Sphingobium	Sphingobiaceae	Sphingomonadales	Alphaproteobacteria	Pseudomonadota					
