OTU_ID	sample_id	read_count	relative_abundance	member_count	Kingdom	Phylum	Class	Order	Family	Genus	Species	matched_family	category	evidence_class	priority_tier
OTU_251	barcode19	1397	0.496623	1		Mucoromycota	Glomeromycetes	Diversisporales	Gigasporaceae	Racocetra	Racocetra crispa	Gigasporaceae	Phytoremediation_facilitation	D	Supportive
OTU_251	barcode20	3499	0.480302	1		Mucoromycota	Glomeromycetes	Diversisporales	Gigasporaceae	Racocetra	Racocetra crispa	Gigasporaceae	Phytoremediation_facilitation	D	Supportive
OTU_251	barcode21	6353	0.431150	1		Mucoromycota	Glomeromycetes	Diversisporales	Gigasporaceae	Racocetra	Racocetra crispa	Gigasporaceae	Phytoremediation_facilitation	D	Supportive
OTU_222	barcode19	342	0.121578	1		Mucoromycota	Mortierellomycetes	Mortierellales	Mortierellaceae	Linnemannia	Linnemannia solitaria	Mortierellaceae	Hydrocarbon_pollutant_associated	C	Secondary
OTU_222	barcode20	904	0.124091	1		Mucoromycota	Mortierellomycetes	Mortierellales	Mortierellaceae	Linnemannia	Linnemannia solitaria	Mortierellaceae	Hydrocarbon_pollutant_associated	C	Secondary
OTU_222	barcode21	1699	0.115304	1		Mucoromycota	Mortierellomycetes	Mortierellales	Mortierellaceae	Linnemannia	Linnemannia solitaria	Mortierellaceae	Hydrocarbon_pollutant_associated	C	Secondary
OTU_205	barcode19	114	0.040526	1		Mucoromycota	Glomeromycetes	Diversisporales	Acaulosporaceae	Acaulospora	Acaulospora colombiana	Acaulosporaceae	Phytoremediation_facilitation	D	Supportive
OTU_205	barcode20	633	0.086891	1		Mucoromycota	Glomeromycetes	Diversisporales	Acaulosporaceae	Acaulospora	Acaulospora colombiana	Acaulosporaceae	Phytoremediation_facilitation	D	Supportive
OTU_205	barcode21	1981	0.134442	1		Mucoromycota	Glomeromycetes	Diversisporales	Acaulosporaceae	Acaulospora	Acaulospora colombiana	Acaulosporaceae	Phytoremediation_facilitation	D	Supportive
OTU_229	barcode19	276	0.098116	1		Mucoromycota	Glomeromycetes	Diversisporales	Diversisporaceae	Diversispora	Diversispora spurca	Diversisporaceae	Phytoremediation_facilitation	D	Supportive
OTU_229	barcode20	915	0.125601	1		Mucoromycota	Glomeromycetes	Diversisporales	Diversisporaceae	Diversispora	Diversispora spurca	Diversisporaceae	Phytoremediation_facilitation	D	Supportive
OTU_229	barcode21	1454	0.098677	1		Mucoromycota	Glomeromycetes	Diversisporales	Diversisporaceae	Diversispora	Diversispora spurca	Diversisporaceae	Phytoremediation_facilitation	D	Supportive
OTU_63	barcode19	80	0.028439	1		Mucoromycota	Glomeromycetes	Diversisporales	Gigasporaceae	Dentiscutata	Dentiscutata savannicola	Gigasporaceae	Phytoremediation_facilitation	D	Supportive
OTU_63	barcode20	454	0.062320	1		Mucoromycota	Glomeromycetes	Diversisporales	Gigasporaceae	Dentiscutata	Dentiscutata savannicola	Gigasporaceae	Phytoremediation_facilitation	D	Supportive
OTU_63	barcode21	1131	0.076756	1		Mucoromycota	Glomeromycetes	Diversisporales	Gigasporaceae	Dentiscutata	Dentiscutata savannicola	Gigasporaceae	Phytoremediation_facilitation	D	Supportive
OTU_231	barcode19	144	0.051191	1		Mucoromycota	Glomeromycetes	Diversisporales	Diversisporaceae	Diversispora	Diversispora aurantia	Diversisporaceae	Phytoremediation_facilitation	D	Supportive
OTU_231	barcode20	387	0.053123	1		Mucoromycota	Glomeromycetes	Diversisporales	Diversisporaceae	Diversispora	Diversispora aurantia	Diversisporaceae	Phytoremediation_facilitation	D	Supportive
OTU_231	barcode21	809	0.054903	1		Mucoromycota	Glomeromycetes	Diversisporales	Diversisporaceae	Diversispora	Diversispora aurantia	Diversisporaceae	Phytoremediation_facilitation	D	Supportive
OTU_77	barcode19	41	0.014575	1		Mucoromycota	Glomeromycetes	Archaeosporales	Archaeosporaceae	Archaeospora	Archaeospora ecuadoriana	Archaeosporaceae	Phytoremediation_facilitation	D	Reserve
OTU_77	barcode20	195	0.026767	1		Mucoromycota	Glomeromycetes	Archaeosporales	Archaeosporaceae	Archaeospora	Archaeospora ecuadoriana	Archaeosporaceae	Phytoremediation_facilitation	D	Reserve
OTU_77	barcode21	333	0.022599	1		Mucoromycota	Glomeromycetes	Archaeosporales	Archaeosporaceae	Archaeospora	Archaeospora ecuadoriana	Archaeosporaceae	Phytoremediation_facilitation	D	Reserve
OTU_258	barcode19	43	0.015286	1		Mucoromycota	Mortierellomycetes	Mortierellales	Mortierellaceae	Entomortierella	Entomortierella sugadairana	Mortierellaceae	Hydrocarbon_pollutant_associated	C	Secondary
OTU_258	barcode20	73	0.010021	1		Mucoromycota	Mortierellomycetes	Mortierellales	Mortierellaceae	Entomortierella	Entomortierella sugadairana	Mortierellaceae	Hydrocarbon_pollutant_associated	C	Secondary
OTU_258	barcode21	332	0.022531	1		Mucoromycota	Mortierellomycetes	Mortierellales	Mortierellaceae	Entomortierella	Entomortierella sugadairana	Mortierellaceae	Hydrocarbon_pollutant_associated	C	Secondary
OTU_216	barcode19	43	0.015286	1		Mucoromycota	Glomeromycetes	Diversisporales	Diversisporaceae	Redeckera	Redeckera megalocarpum	Diversisporaceae	Phytoremediation_facilitation	D	Supportive
OTU_216	barcode20	95	0.013040	1		Mucoromycota	Glomeromycetes	Diversisporales	Diversisporaceae	Redeckera	Redeckera megalocarpum	Diversisporaceae	Phytoremediation_facilitation	D	Supportive
OTU_216	barcode21	243	0.016491	1		Mucoromycota	Glomeromycetes	Diversisporales	Diversisporaceae	Redeckera	Redeckera megalocarpum	Diversisporaceae	Phytoremediation_facilitation	D	Supportive
OTU_57	barcode19	232	0.082474	2		Mucoromycota	Glomeromycetes	Diversisporales	Acaulosporaceae	Acaulospora	Acaulospora cavernata	Acaulosporaceae	Phytoremediation_facilitation	D	Supportive
OTU_57	barcode20	43	0.005903	2		Mucoromycota	Glomeromycetes	Diversisporales	Acaulosporaceae	Acaulospora	Acaulospora cavernata	Acaulosporaceae	Phytoremediation_facilitation	D	Supportive
OTU_57	barcode21	97	0.006583	2		Mucoromycota	Glomeromycetes	Diversisporales	Acaulosporaceae	Acaulospora	Acaulospora cavernata	Acaulosporaceae	Phytoremediation_facilitation	D	Supportive
OTU_293	barcode19	88	0.031283	1		Mucoromycota	Glomeromycetes	Diversisporales	Acaulosporaceae	Acaulospora	Acaulospora laevis	Acaulosporaceae	Phytoremediation_facilitation	D	Supportive
OTU_293	barcode20	56	0.007687	1		Mucoromycota	Glomeromycetes	Diversisporales	Acaulosporaceae	Acaulospora	Acaulospora laevis	Acaulosporaceae	Phytoremediation_facilitation	D	Supportive
OTU_293	barcode21	158	0.010723	1		Mucoromycota	Glomeromycetes	Diversisporales	Acaulosporaceae	Acaulospora	Acaulospora laevis	Acaulosporaceae	Phytoremediation_facilitation	D	Supportive
OTU_182	barcode19	13	0.004621	2		Ascomycota	Dothideomycetes	Pleosporales	Pleosporaceae	Curvularia	Curvularia colbranii	Pleosporaceae	Hydrocarbon_pollutant_associated	C	Secondary
OTU_182	barcode20	31	0.004255	2		Ascomycota	Dothideomycetes	Pleosporales	Pleosporaceae	Curvularia	Curvularia colbranii	Pleosporaceae	Hydrocarbon_pollutant_associated	C	Secondary
OTU_182	barcode21	145	0.009841	2		Ascomycota	Dothideomycetes	Pleosporales	Pleosporaceae	Curvularia	Curvularia colbranii	Pleosporaceae	Hydrocarbon_pollutant_associated	C	Secondary
