OTU_ID	sample_id	read_count	relative_abundance	member_count	Kingdom	Phylum	Class	Order	Family	Genus	Species
OTU_48	barcode19	4777	0.236240	2		Chlorophyta	Chlorophyceae	Chlamydomonadales	Chlamydomonadaceae	Chlamydomonas	Chlamydomonas reinhardtii
OTU_48	barcode20	10128	0.206407	2		Chlorophyta	Chlorophyceae	Chlamydomonadales	Chlamydomonadaceae	Chlamydomonas	Chlamydomonas reinhardtii
OTU_48	barcode21	18545	0.189726	2		Chlorophyta	Chlorophyceae	Chlamydomonadales	Chlamydomonadaceae	Chlamydomonas	Chlamydomonas reinhardtii
OTU_251	barcode19	1397	0.069087	1		Mucoromycota	Glomeromycetes	Diversisporales	Gigasporaceae	Racocetra	Racocetra crispa
OTU_251	barcode20	3499	0.071309	1		Mucoromycota	Glomeromycetes	Diversisporales	Gigasporaceae	Racocetra	Racocetra crispa
OTU_251	barcode21	6353	0.064995	1		Mucoromycota	Glomeromycetes	Diversisporales	Gigasporaceae	Racocetra	Racocetra crispa
OTU_122	barcode19	1250	0.061817	1		Chytridiomycota	Chytridiomycetes	Chytridiales	Chytridiaceae	Chytridium	Chytridium olla
OTU_122	barcode20	3318	0.067620	1		Chytridiomycota	Chytridiomycetes	Chytridiales	Chytridiaceae	Chytridium	Chytridium olla
OTU_122	barcode21	6225	0.063685	1		Chytridiomycota	Chytridiomycetes	Chytridiales	Chytridiaceae	Chytridium	Chytridium olla
OTU_58	barcode19	586	0.028980	6		Mucoromycota	Endogonomycetes	Endogonales	Endogonaceae	Vinositunica	Vinositunica ingens
OTU_58	barcode20	2570	0.052376	6		Mucoromycota	Endogonomycetes	Endogonales	Endogonaceae	Vinositunica	Vinositunica ingens
OTU_58	barcode21	7468	0.076402	6		Mucoromycota	Endogonomycetes	Endogonales	Endogonaceae	Vinositunica	Vinositunica ingens
OTU_38	barcode19	524	0.025914	26		Ascomycota	Dothideomycetes	Mycosphaerellales	Teratosphaeriaceae	Salinomyces	Salinomyces polonicus
OTU_38	barcode20	2835	0.057777	26		Ascomycota	Dothideomycetes	Mycosphaerellales	Teratosphaeriaceae	Salinomyces	Salinomyces polonicus
OTU_38	barcode21	6564	0.067154	26		Ascomycota	Dothideomycetes	Mycosphaerellales	Teratosphaeriaceae	Salinomyces	Salinomyces polonicus
OTU_36	barcode19	1386	0.068543	3		Basidiomycota	Tremellomycetes	Tremellales	Cryptococcaceae	Kwoniella	Kwoniella shivajii
OTU_36	barcode20	2488	0.050705	3		Basidiomycota	Tremellomycetes	Tremellales	Cryptococcaceae	Kwoniella	Kwoniella shivajii
OTU_36	barcode21	5640	0.057701	3		Basidiomycota	Tremellomycetes	Tremellales	Cryptococcaceae	Kwoniella	Kwoniella shivajii
OTU_200	barcode19	687	0.033975	1		Chytridiomycota	Monoblepharidomycetes	Monoblepharidales	Monoblepharidaceae	Monoblepharis	Monoblepharis macrandra
OTU_200	barcode20	2186	0.044550	1		Chytridiomycota	Monoblepharidomycetes	Monoblepharidales	Monoblepharidaceae	Monoblepharis	Monoblepharis macrandra
OTU_200	barcode21	3814	0.039019	1		Chytridiomycota	Monoblepharidomycetes	Monoblepharidales	Monoblepharidaceae	Monoblepharis	Monoblepharis macrandra
OTU_301	barcode19	830	0.041046	1		Ascomycota	Pichiomycetes	Serinales	Metschnikowiaceae	Metschnikowia	Metschnikowia dekortorum
OTU_301	barcode20	1267	0.025821	1		Ascomycota	Pichiomycetes	Serinales	Metschnikowiaceae	Metschnikowia	Metschnikowia dekortorum
OTU_301	barcode21	4013	0.041055	1		Ascomycota	Pichiomycetes	Serinales	Metschnikowiaceae	Metschnikowia	Metschnikowia dekortorum
OTU_284	barcode19	657	0.032491	1		Ascomycota	Pichiomycetes	Serinales	Metschnikowiaceae	Metschnikowia	Metschnikowia vanudenii
OTU_284	barcode20	830	0.016915	1		Ascomycota	Pichiomycetes	Serinales	Metschnikowiaceae	Metschnikowia	Metschnikowia vanudenii
OTU_284	barcode21	2365	0.024195	1		Ascomycota	Pichiomycetes	Serinales	Metschnikowiaceae	Metschnikowia	Metschnikowia vanudenii
OTU_24	barcode19	450	0.022254	1		Microsporidia				Mitosporidium	Mitosporidium daphniae
OTU_24	barcode20	866	0.017649	1		Microsporidia				Mitosporidium	Mitosporidium daphniae
OTU_24	barcode21	2530	0.025883	1		Microsporidia				Mitosporidium	Mitosporidium daphniae
OTU_29	barcode19	31	0.001533	8		Basidiomycota	Agaricomycetes	Agaricales	Physalacriaceae	Gloiocephala	Gloiocephala aquatica
OTU_29	barcode20	2282	0.046507	8		Basidiomycota	Agaricomycetes	Agaricales	Physalacriaceae	Gloiocephala	Gloiocephala aquatica
OTU_29	barcode21	1497	0.015315	8		Basidiomycota	Agaricomycetes	Agaricales	Physalacriaceae	Gloiocephala	Gloiocephala aquatica
OTU_32	barcode19	693	0.034271	11		Chytridiomycota	Chytridiomycetes	Spizellomycetales	Powellomycetaceae	Fimicolochytrium	Fimicolochytrium jonesii
OTU_32	barcode20	723	0.014735	11		Chytridiomycota	Chytridiomycetes	Spizellomycetales	Powellomycetaceae	Fimicolochytrium	Fimicolochytrium jonesii
OTU_32	barcode21	1801	0.018425	11		Chytridiomycota	Chytridiomycetes	Spizellomycetales	Powellomycetaceae	Fimicolochytrium	Fimicolochytrium jonesii
OTU_222	barcode19	342	0.016913	1		Mucoromycota	Mortierellomycetes	Mortierellales	Mortierellaceae	Linnemannia	Linnemannia solitaria
OTU_222	barcode20	904	0.018423	1		Mucoromycota	Mortierellomycetes	Mortierellales	Mortierellaceae	Linnemannia	Linnemannia solitaria
OTU_222	barcode21	1699	0.017382	1		Mucoromycota	Mortierellomycetes	Mortierellales	Mortierellaceae	Linnemannia	Linnemannia solitaria
OTU_205	barcode19	114	0.005638	1		Mucoromycota	Glomeromycetes	Diversisporales	Acaulosporaceae	Acaulospora	Acaulospora colombiana
OTU_205	barcode20	633	0.012900	1		Mucoromycota	Glomeromycetes	Diversisporales	Acaulosporaceae	Acaulospora	Acaulospora colombiana
OTU_205	barcode21	1981	0.020267	1		Mucoromycota	Glomeromycetes	Diversisporales	Acaulosporaceae	Acaulospora	Acaulospora colombiana
OTU_78	barcode19	602	0.029771	2		Zoopagomycota	Basidiobolomycetes	Basidiobolales	Basidiobolaceae	Basidiobolus	Basidiobolus magnus
OTU_78	barcode20	617	0.012574	2		Zoopagomycota	Basidiobolomycetes	Basidiobolales	Basidiobolaceae	Basidiobolus	Basidiobolus magnus
OTU_78	barcode21	1498	0.015325	2		Zoopagomycota	Basidiobolomycetes	Basidiobolales	Basidiobolaceae	Basidiobolus	Basidiobolus magnus
OTU_229	barcode19	276	0.013649	1		Mucoromycota	Glomeromycetes	Diversisporales	Diversisporaceae	Diversispora	Diversispora spurca
OTU_229	barcode20	915	0.018648	1		Mucoromycota	Glomeromycetes	Diversisporales	Diversisporaceae	Diversispora	Diversispora spurca
OTU_229	barcode21	1454	0.014875	1		Mucoromycota	Glomeromycetes	Diversisporales	Diversisporaceae	Diversispora	Diversispora spurca
OTU_97	barcode19	285	0.014094	5		Ascomycota	Sordariomycetes	Coronophorales	Ceratostomataceae	Dactylidispora	Dactylidispora singaporensis
OTU_97	barcode20	1059	0.021582	5		Ascomycota	Sordariomycetes	Coronophorales	Ceratostomataceae	Dactylidispora	Dactylidispora singaporensis
OTU_97	barcode21	1238	0.012665	5		Ascomycota	Sordariomycetes	Coronophorales	Ceratostomataceae	Dactylidispora	Dactylidispora singaporensis
OTU_0	barcode19	16	0.000791	7		Basidiomycota	Agaricomycetes	Agaricales	Strophariaceae	Psilocybe	Psilocybe cubensis
OTU_0	barcode20	2365	0.048198	7		Basidiomycota	Agaricomycetes	Agaricales	Strophariaceae	Psilocybe	Psilocybe cubensis
OTU_0	barcode21	87	0.000890	7		Basidiomycota	Agaricomycetes	Agaricales	Strophariaceae	Psilocybe	Psilocybe cubensis
OTU_31	barcode19	197	0.009742	1		Oomycota	Saprolegniomycetes	Saprolegniales	Verrucalvaceae	Aphanomyces	Aphanomyces astaci
OTU_31	barcode20	653	0.013308	1		Oomycota	Saprolegniomycetes	Saprolegniales	Verrucalvaceae	Aphanomyces	Aphanomyces astaci
OTU_31	barcode21	1307	0.013371	1		Oomycota	Saprolegniomycetes	Saprolegniales	Verrucalvaceae	Aphanomyces	Aphanomyces astaci
OTU_121	barcode19	218	0.010781	1		Chytridiomycota	Chytridiomycetes		Quaeritorhizaceae	Quaeritorhiza	Quaeritorhiza haematococci
OTU_121	barcode20	396	0.008070	1		Chytridiomycota	Chytridiomycetes		Quaeritorhizaceae	Quaeritorhiza	Quaeritorhiza haematococci
OTU_121	barcode21	1106	0.011315	1		Chytridiomycota	Chytridiomycetes		Quaeritorhizaceae	Quaeritorhiza	Quaeritorhiza haematococci
OTU_63	barcode19	80	0.003956	1		Mucoromycota	Glomeromycetes	Diversisporales	Gigasporaceae	Dentiscutata	Dentiscutata savannicola
OTU_63	barcode20	454	0.009252	1		Mucoromycota	Glomeromycetes	Diversisporales	Gigasporaceae	Dentiscutata	Dentiscutata savannicola
OTU_63	barcode21	1131	0.011571	1		Mucoromycota	Glomeromycetes	Diversisporales	Gigasporaceae	Dentiscutata	Dentiscutata savannicola
OTU_252	barcode19	346	0.017111	1		Basidiomycota	Pucciniomycetes	Pucciniales	Pucciniaceae	Puccinia	Puccinia wiehei
OTU_252	barcode20	322	0.006562	1		Basidiomycota	Pucciniomycetes	Pucciniales	Pucciniaceae	Puccinia	Puccinia wiehei
OTU_252	barcode21	887	0.009075	1		Basidiomycota	Pucciniomycetes	Pucciniales	Pucciniaceae	Puccinia	Puccinia wiehei
OTU_66	barcode19	120	0.005934	6		Ascomycota	Pichiomycetes	Serinales	Metschnikowiaceae	Danielia	Danielia oregonensis
OTU_66	barcode20	445	0.009069	6		Ascomycota	Pichiomycetes	Serinales	Metschnikowiaceae	Danielia	Danielia oregonensis
OTU_66	barcode21	970	0.009924	6		Ascomycota	Pichiomycetes	Serinales	Metschnikowiaceae	Danielia	Danielia oregonensis
OTU_62	barcode19	158	0.007814	1		Zoopagomycota	Kickxellomycetes	Kickxellales	Kickxellaceae	Spiromyces	Spiromyces minutus
OTU_62	barcode20	295	0.006012	1		Zoopagomycota	Kickxellomycetes	Kickxellales	Kickxellaceae	Spiromyces	Spiromyces minutus
OTU_62	barcode21	898	0.009187	1		Zoopagomycota	Kickxellomycetes	Kickxellales	Kickxellaceae	Spiromyces	Spiromyces minutus
OTU_188	barcode19	42	0.002077	2		Basidiomycota	Agaricomycetes	Cantharellales	Hydnaceae	Hydnum	Hydnum pinicola
OTU_188	barcode20	284	0.005788	2		Basidiomycota	Agaricomycetes	Cantharellales	Hydnaceae	Hydnum	Hydnum pinicola
OTU_188	barcode21	1025	0.010486	2		Basidiomycota	Agaricomycetes	Cantharellales	Hydnaceae	Hydnum	Hydnum pinicola
OTU_231	barcode19	144	0.007121	1		Mucoromycota	Glomeromycetes	Diversisporales	Diversisporaceae	Diversispora	Diversispora aurantia
OTU_231	barcode20	387	0.007887	1		Mucoromycota	Glomeromycetes	Diversisporales	Diversisporaceae	Diversispora	Diversispora aurantia
OTU_231	barcode21	809	0.008277	1		Mucoromycota	Glomeromycetes	Diversisporales	Diversisporaceae	Diversispora	Diversispora aurantia
OTU_25	barcode19	102	0.005044	3		Oomycota	Peronosporomycetes	Peronosporales	Peronosporaceae	Phytophthora	Phytophthora infestans
OTU_25	barcode20	344	0.007011	3		Oomycota	Peronosporomycetes	Peronosporales	Peronosporaceae	Phytophthora	Phytophthora infestans
OTU_25	barcode21	883	0.009034	3		Oomycota	Peronosporomycetes	Peronosporales	Peronosporaceae	Phytophthora	Phytophthora infestans
OTU_41	barcode19	33	0.001632	1		Ascomycota	Dothideomycetes	Pleosporales	Phaeosphaeriaceae	Parastagonospora	Parastagonospora nodorum
OTU_41	barcode20	22	0.000448	1		Ascomycota	Dothideomycetes	Pleosporales	Phaeosphaeriaceae	Parastagonospora	Parastagonospora nodorum
OTU_41	barcode21	1074	0.010988	1		Ascomycota	Dothideomycetes	Pleosporales	Phaeosphaeriaceae	Parastagonospora	Parastagonospora nodorum
OTU_35	barcode19	241	0.011918	4		Ascomycota	Dipodascomycetes	Dipodascales	Trichomonascaceae	Sugiyamaella	Sugiyamaella lignohabitans
OTU_35	barcode20	217	0.004422	4		Ascomycota	Dipodascomycetes	Dipodascales	Trichomonascaceae	Sugiyamaella	Sugiyamaella lignohabitans
OTU_35	barcode21	609	0.006230	4		Ascomycota	Dipodascomycetes	Dipodascales	Trichomonascaceae	Sugiyamaella	Sugiyamaella lignohabitans
OTU_27	barcode19	122	0.006033	1		Oomycota	Saprolegniomycetes	Saprolegniales	Verrucalvaceae	Aphanomyces	Aphanomyces invadans
OTU_27	barcode20	262	0.005340	1		Oomycota	Saprolegniomycetes	Saprolegniales	Verrucalvaceae	Aphanomyces	Aphanomyces invadans
OTU_27	barcode21	649	0.006640	1		Oomycota	Saprolegniomycetes	Saprolegniales	Verrucalvaceae	Aphanomyces	Aphanomyces invadans
OTU_90	barcode19	44	0.002176	1		Ascomycota	Pichiomycetes	Serinales	Metschnikowiaceae	Metschnikowia	Metschnikowia laotica
OTU_90	barcode20	216	0.004402	1		Ascomycota	Pichiomycetes	Serinales	Metschnikowiaceae	Metschnikowia	Metschnikowia laotica
OTU_90	barcode21	525	0.005371	1		Ascomycota	Pichiomycetes	Serinales	Metschnikowiaceae	Metschnikowia	Metschnikowia laotica
OTU_289	barcode19	145	0.007171	1		Ascomycota	Pichiomycetes	Serinales	Debaryomycetaceae	Kodamaea	Kodamaea kakaduensis
OTU_289	barcode20	153	0.003118	1		Ascomycota	Pichiomycetes	Serinales	Debaryomycetaceae	Kodamaea	Kodamaea kakaduensis
OTU_289	barcode21	476	0.004870	1		Ascomycota	Pichiomycetes	Serinales	Debaryomycetaceae	Kodamaea	Kodamaea kakaduensis
OTU_15	barcode19	107	0.005292	9		Ascomycota	Dothideomycetes	Hysteriales	Hysteriaceae	Gloniopsis	Gloniopsis calami
OTU_15	barcode20	217	0.004422	9		Ascomycota	Dothideomycetes	Hysteriales	Hysteriaceae	Gloniopsis	Gloniopsis calami
OTU_15	barcode21	362	0.003703	9		Ascomycota	Dothideomycetes	Hysteriales	Hysteriaceae	Gloniopsis	Gloniopsis calami
OTU_71	barcode19	23	0.001137	4		Ascomycota	Pichiomycetes	Serinales	Debaryomycetaceae	Kodamaea	Kodamaea ohmeri
OTU_71	barcode20	170	0.003465	4		Ascomycota	Pichiomycetes	Serinales	Debaryomycetaceae	Kodamaea	Kodamaea ohmeri
OTU_71	barcode21	491	0.005023	4		Ascomycota	Pichiomycetes	Serinales	Debaryomycetaceae	Kodamaea	Kodamaea ohmeri
OTU_137	barcode19	39	0.001929	1		Basidiomycota	Agaricomycetes	Cantharellales	Hydnaceae	Hydnum	Hydnum reginae
OTU_137	barcode20	192	0.003913	1		Basidiomycota	Agaricomycetes	Cantharellales	Hydnaceae	Hydnum	Hydnum reginae
OTU_137	barcode21	444	0.004542	1		Basidiomycota	Agaricomycetes	Cantharellales	Hydnaceae	Hydnum	Hydnum reginae
OTU_91	barcode19	117	0.005786	1		Ascomycota	Lipomycetes	Lipomycetales	Lipomycetaceae	Lipomyces	Lipomyces oligophaga
OTU_91	barcode20	160	0.003261	1		Ascomycota	Lipomycetes	Lipomycetales	Lipomycetaceae	Lipomyces	Lipomyces oligophaga
OTU_91	barcode21	389	0.003980	1		Ascomycota	Lipomycetes	Lipomycetales	Lipomycetaceae	Lipomyces	Lipomyces oligophaga
OTU_113	barcode19	84	0.004154	1		Chytridiomycota	Chytridiomycetes	Gromochytriales	Gromochytriaceae	Gromochytrium	Gromochytrium mamkaevae
OTU_113	barcode20	205	0.004178	1		Chytridiomycota	Chytridiomycetes	Gromochytriales	Gromochytriaceae	Gromochytrium	Gromochytrium mamkaevae
OTU_113	barcode21	372	0.003806	1		Chytridiomycota	Chytridiomycetes	Gromochytriales	Gromochytriaceae	Gromochytrium	Gromochytrium mamkaevae
OTU_68	barcode19	76	0.003758	1		Zoopagomycota	Zoopagomycetes	Zoopagales	Piptocephalidaceae	Piptocephalis	Piptocephalis corymbifera
OTU_68	barcode20	139	0.002833	1		Zoopagomycota	Zoopagomycetes	Zoopagales	Piptocephalidaceae	Piptocephalis	Piptocephalis corymbifera
OTU_68	barcode21	408	0.004174	1		Zoopagomycota	Zoopagomycetes	Zoopagales	Piptocephalidaceae	Piptocephalis	Piptocephalis corymbifera
OTU_303	barcode19	78	0.003857	1		Chytridiomycota	Chytridiomycetes	Rhizophydiales	Gorgonomycetaceae	Gorgonomyces	Gorgonomyces thailandicus
OTU_303	barcode20	221	0.004504	1		Chytridiomycota	Chytridiomycetes	Rhizophydiales	Gorgonomycetaceae	Gorgonomyces	Gorgonomyces thailandicus
OTU_303	barcode21	324	0.003315	1		Chytridiomycota	Chytridiomycetes	Rhizophydiales	Gorgonomycetaceae	Gorgonomyces	Gorgonomyces thailandicus
OTU_49	barcode19	82	0.004055	3		Ascomycota	Dipodascomycetes	Dipodascales	Trichomonascaceae	Wickerhamiella	Wickerhamiella osmotolerans
OTU_49	barcode20	155	0.003159	3		Ascomycota	Dipodascomycetes	Dipodascales	Trichomonascaceae	Wickerhamiella	Wickerhamiella osmotolerans
OTU_49	barcode21	351	0.003591	3		Ascomycota	Dipodascomycetes	Dipodascales	Trichomonascaceae	Wickerhamiella	Wickerhamiella osmotolerans
OTU_294	barcode19	24	0.001187	1		Chytridiomycota	Neocallimastigomycetes	Neocallimastigales	Neocallimastigaceae	Buwchfawromyces	Buwchfawromyces eastonii
OTU_294	barcode20	152	0.003098	1		Chytridiomycota	Neocallimastigomycetes	Neocallimastigales	Neocallimastigaceae	Buwchfawromyces	Buwchfawromyces eastonii
OTU_294	barcode21	406	0.004154	1		Chytridiomycota	Neocallimastigomycetes	Neocallimastigales	Neocallimastigaceae	Buwchfawromyces	Buwchfawromyces eastonii
OTU_44	barcode19	122	0.006033	5		Ascomycota	Pichiomycetes	Serinales	Debaryomycetaceae	Yamadazyma	[Candida] blattariae
OTU_44	barcode20	200	0.004076	5		Ascomycota	Pichiomycetes	Serinales	Debaryomycetaceae	Yamadazyma	[Candida] blattariae
OTU_44	barcode21	256	0.002619	5		Ascomycota	Pichiomycetes	Serinales	Debaryomycetaceae	Yamadazyma	[Candida] blattariae
OTU_77	barcode19	41	0.002028	1		Mucoromycota	Glomeromycetes	Archaeosporales	Archaeosporaceae	Archaeospora	Archaeospora ecuadoriana
OTU_77	barcode20	195	0.003974	1		Mucoromycota	Glomeromycetes	Archaeosporales	Archaeosporaceae	Archaeospora	Archaeospora ecuadoriana
OTU_77	barcode21	333	0.003407	1		Mucoromycota	Glomeromycetes	Archaeosporales	Archaeosporaceae	Archaeospora	Archaeospora ecuadoriana
OTU_88	barcode19	438	0.021661	3		Basidiomycota	Pucciniomycetes	Pucciniales	Pucciniastraceae	Pucciniastrum	Pucciniastrum myosotidii
OTU_88	barcode20	45	0.000917	3		Basidiomycota	Pucciniomycetes	Pucciniales	Pucciniastraceae	Pucciniastrum	Pucciniastrum myosotidii
OTU_88	barcode21	79	0.000808	3		Basidiomycota	Pucciniomycetes	Pucciniales	Pucciniastraceae	Pucciniastrum	Pucciniastrum myosotidii
OTU_73	barcode19	33	0.001632	5		Basidiomycota	Microbotryomycetes	Sporidiobolales	Sporidiobolaceae	Sporobolomyces	Sporobolomyces beijingensis
OTU_73	barcode20	116	0.002364	5		Basidiomycota	Microbotryomycetes	Sporidiobolales	Sporidiobolaceae	Sporobolomyces	Sporobolomyces beijingensis
OTU_73	barcode21	409	0.004184	5		Basidiomycota	Microbotryomycetes	Sporidiobolales	Sporidiobolaceae	Sporobolomyces	Sporobolomyces beijingensis
OTU_179	barcode19	35	0.001731	3		Basidiomycota	Microbotryomycetes	Sporidiobolales	Sporidiobolaceae	Sporobolomyces	Sporobolomyces cellobiolyticus
OTU_179	barcode20	165	0.003363	3		Basidiomycota	Microbotryomycetes	Sporidiobolales	Sporidiobolaceae	Sporobolomyces	Sporobolomyces cellobiolyticus
OTU_179	barcode21	306	0.003131	3		Basidiomycota	Microbotryomycetes	Sporidiobolales	Sporidiobolaceae	Sporobolomyces	Sporobolomyces cellobiolyticus
OTU_46	barcode19	186	0.009198	8		Ascomycota	Sordariomycetes	Glomerellales	Australiascaceae	Monilochaetes	Monilochaetes dimorphospora
OTU_46	barcode20	142	0.002894	8		Ascomycota	Sordariomycetes	Glomerellales	Australiascaceae	Monilochaetes	Monilochaetes dimorphospora
OTU_46	barcode21	160	0.001637	8		Ascomycota	Sordariomycetes	Glomerellales	Australiascaceae	Monilochaetes	Monilochaetes dimorphospora
OTU_116	barcode19	39	0.001929	1		Ascomycota	Sordariomycetes	Meliolales	Meliolaceae	Meliola	Meliola pottsiae
OTU_116	barcode20	96	0.001956	1		Ascomycota	Sordariomycetes	Meliolales	Meliolaceae	Meliola	Meliola pottsiae
OTU_116	barcode21	327	0.003345	1		Ascomycota	Sordariomycetes	Meliolales	Meliolaceae	Meliola	Meliola pottsiae
OTU_271	barcode19	43	0.002127	1		Cryptomycota				Paramicrosporidium	Paramicrosporidium saccamoebae
OTU_271	barcode20	138	0.002812	1		Cryptomycota				Paramicrosporidium	Paramicrosporidium saccamoebae
OTU_271	barcode21	275	0.002813	1		Cryptomycota				Paramicrosporidium	Paramicrosporidium saccamoebae
OTU_197	barcode19	40	0.001978	1		Basidiomycota	Pucciniomycetes	Pucciniales	Milesinaceae	Milesina	Milesina woodwardiana
OTU_197	barcode20	101	0.002058	1		Basidiomycota	Pucciniomycetes	Pucciniales	Milesinaceae	Milesina	Milesina woodwardiana
OTU_197	barcode21	308	0.003151	1		Basidiomycota	Pucciniomycetes	Pucciniales	Milesinaceae	Milesina	Milesina woodwardiana
OTU_258	barcode19	43	0.002127	1		Mucoromycota	Mortierellomycetes	Mortierellales	Mortierellaceae	Entomortierella	Entomortierella sugadairana
OTU_258	barcode20	73	0.001488	1		Mucoromycota	Mortierellomycetes	Mortierellales	Mortierellaceae	Entomortierella	Entomortierella sugadairana
OTU_258	barcode21	332	0.003397	1		Mucoromycota	Mortierellomycetes	Mortierellales	Mortierellaceae	Entomortierella	Entomortierella sugadairana
OTU_216	barcode19	43	0.002127	1		Mucoromycota	Glomeromycetes	Diversisporales	Diversisporaceae	Redeckera	Redeckera megalocarpum
OTU_216	barcode20	95	0.001936	1		Mucoromycota	Glomeromycetes	Diversisporales	Diversisporaceae	Redeckera	Redeckera megalocarpum
OTU_216	barcode21	243	0.002486	1		Mucoromycota	Glomeromycetes	Diversisporales	Diversisporaceae	Redeckera	Redeckera megalocarpum
OTU_57	barcode19	232	0.011473	2		Mucoromycota	Glomeromycetes	Diversisporales	Acaulosporaceae	Acaulospora	Acaulospora cavernata
OTU_57	barcode20	43	0.000876	2		Mucoromycota	Glomeromycetes	Diversisporales	Acaulosporaceae	Acaulospora	Acaulospora cavernata
OTU_57	barcode21	97	0.000992	2		Mucoromycota	Glomeromycetes	Diversisporales	Acaulosporaceae	Acaulospora	Acaulospora cavernata
OTU_23	barcode19	13	0.000643	1		Zoopagomycota	Kickxellomycetes	Kickxellales	Kickxellaceae	Linderina	Linderina pennispora
OTU_23	barcode20	62	0.001264	1		Zoopagomycota	Kickxellomycetes	Kickxellales	Kickxellaceae	Linderina	Linderina pennispora
OTU_23	barcode21	256	0.002619	1		Zoopagomycota	Kickxellomycetes	Kickxellales	Kickxellaceae	Linderina	Linderina pennispora
OTU_261	barcode19	44	0.002176	1		Ascomycota	Saccharomycetes	Phaffomycetales	Phaffomycetaceae	Phaffomyces	[Candida] orba
OTU_261	barcode20	105	0.002140	1		Ascomycota	Saccharomycetes	Phaffomycetales	Phaffomycetaceae	Phaffomyces	[Candida] orba
OTU_261	barcode21	180	0.001842	1		Ascomycota	Saccharomycetes	Phaffomycetales	Phaffomycetaceae	Phaffomyces	[Candida] orba
OTU_72	barcode19	43	0.002127	2		Ascomycota	Pichiomycetes	Serinales	Debaryomycetaceae	Danielozyma	Danielozyma litseae
OTU_72	barcode20	100	0.002038	2		Ascomycota	Pichiomycetes	Serinales	Debaryomycetaceae	Danielozyma	Danielozyma litseae
OTU_72	barcode21	180	0.001842	2		Ascomycota	Pichiomycetes	Serinales	Debaryomycetaceae	Danielozyma	Danielozyma litseae
OTU_84	barcode19	19	0.000940	1		Ascomycota				Novakomyces	Novakomyces olei
OTU_84	barcode20	72	0.001467	1		Ascomycota				Novakomyces	Novakomyces olei
OTU_84	barcode21	215	0.002200	1		Ascomycota				Novakomyces	Novakomyces olei
OTU_42	barcode19	56	0.002769	1		Chytridiomycota	Monoblepharidomycetes	Monoblepharidales		Hyaloraphidium	Hyaloraphidium curvatum
OTU_42	barcode20	125	0.002547	1		Chytridiomycota	Monoblepharidomycetes	Monoblepharidales		Hyaloraphidium	Hyaloraphidium curvatum
OTU_42	barcode21	123	0.001258	1		Chytridiomycota	Monoblepharidomycetes	Monoblepharidales		Hyaloraphidium	Hyaloraphidium curvatum
OTU_293	barcode19	88	0.004352	1		Mucoromycota	Glomeromycetes	Diversisporales	Acaulosporaceae	Acaulospora	Acaulospora laevis
OTU_293	barcode20	56	0.001141	1		Mucoromycota	Glomeromycetes	Diversisporales	Acaulosporaceae	Acaulospora	Acaulospora laevis
OTU_293	barcode21	158	0.001616	1		Mucoromycota	Glomeromycetes	Diversisporales	Acaulosporaceae	Acaulospora	Acaulospora laevis
OTU_109	barcode19	52	0.002572	1		Ascomycota	Leotiomycetes	Helotiales	Helotiaceae	Dicephalospora	Dicephalospora sessilis
OTU_109	barcode20	65	0.001325	1		Ascomycota	Leotiomycetes	Helotiales	Helotiaceae	Dicephalospora	Dicephalospora sessilis
OTU_109	barcode21	183	0.001872	1		Ascomycota	Leotiomycetes	Helotiales	Helotiaceae	Dicephalospora	Dicephalospora sessilis
OTU_39	barcode19	29	0.001434	1		Basidiomycota	Ustilaginomycetes	Ustilaginales		Kalmanozyma	Kalmanozyma brasiliensis
OTU_39	barcode20	161	0.003281	1		Basidiomycota	Ustilaginomycetes	Ustilaginales		Kalmanozyma	Kalmanozyma brasiliensis
OTU_39	barcode21	105	0.001074	1		Basidiomycota	Ustilaginomycetes	Ustilaginales		Kalmanozyma	Kalmanozyma brasiliensis
OTU_60	barcode19	27	0.001335	1		Ascomycota	Dipodascomycetes	Dipodascales	Trichomonascaceae	Wickerhamiella	Wickerhamiella galacta
OTU_60	barcode20	115	0.002344	1		Ascomycota	Dipodascomycetes	Dipodascales	Trichomonascaceae	Wickerhamiella	Wickerhamiella galacta
OTU_60	barcode21	126	0.001289	1		Ascomycota	Dipodascomycetes	Dipodascales	Trichomonascaceae	Wickerhamiella	Wickerhamiella galacta
OTU_21	barcode19	45	0.002225	1		Blastocladiomycota	Blastocladiomycetes	Blastocladiales	Blastocladiaceae	Allomyces	Allomyces arbusculus
OTU_21	barcode20	72	0.001467	1		Blastocladiomycota	Blastocladiomycetes	Blastocladiales	Blastocladiaceae	Allomyces	Allomyces arbusculus
OTU_21	barcode21	144	0.001473	1		Blastocladiomycota	Blastocladiomycetes	Blastocladiales	Blastocladiaceae	Allomyces	Allomyces arbusculus
OTU_107	barcode19	59	0.002918	2		Ascomycota	Dothideomycetes	Pleosporales	Lentitheciaceae	Darksidea	Darksidea zeta
OTU_107	barcode20	65	0.001325	2		Ascomycota	Dothideomycetes	Pleosporales	Lentitheciaceae	Darksidea	Darksidea zeta
OTU_107	barcode21	134	0.001371	2		Ascomycota	Dothideomycetes	Pleosporales	Lentitheciaceae	Darksidea	Darksidea zeta
OTU_234	barcode19	28	0.001385	1		Zoopagomycota	Basidiobolomycetes	Basidiobolales	Basidiobolaceae	Basidiobolus	Basidiobolus haptosporus
OTU_234	barcode20	40	0.000815	1		Zoopagomycota	Basidiobolomycetes	Basidiobolales	Basidiobolaceae	Basidiobolus	Basidiobolus haptosporus
OTU_234	barcode21	170	0.001739	1		Zoopagomycota	Basidiobolomycetes	Basidiobolales	Basidiobolaceae	Basidiobolus	Basidiobolus haptosporus
OTU_22	barcode19	72	0.003561	2		Oomycota	Peronosporomycetes	Peronosporales	Peronosporaceae	Bremia	Bremia lactucae
OTU_22	barcode20	50	0.001019	2		Oomycota	Peronosporomycetes	Peronosporales	Peronosporaceae	Bremia	Bremia lactucae
OTU_22	barcode21	105	0.001074	2		Oomycota	Peronosporomycetes	Peronosporales	Peronosporaceae	Bremia	Bremia lactucae
OTU_130	barcode19	21	0.001039	1		Chytridiomycota	Monoblepharidomycetes	Monoblepharidales	Gonapodyaceae	Gonapodya	Gonapodya prolifera
OTU_130	barcode20	72	0.001467	1		Chytridiomycota	Monoblepharidomycetes	Monoblepharidales	Gonapodyaceae	Gonapodya	Gonapodya prolifera
OTU_130	barcode21	127	0.001299	1		Chytridiomycota	Monoblepharidomycetes	Monoblepharidales	Gonapodyaceae	Gonapodya	Gonapodya prolifera
OTU_274	barcode19	24	0.001187	1		Chytridiomycota	Chytridiomycetes	Rhizophydiales	Terramycetaceae	Terramyces	Terramyces aquatica
OTU_274	barcode20	88	0.001793	1		Chytridiomycota	Chytridiomycetes	Rhizophydiales	Terramycetaceae	Terramyces	Terramyces aquatica
OTU_274	barcode21	106	0.001084	1		Chytridiomycota	Chytridiomycetes	Rhizophydiales	Terramycetaceae	Terramyces	Terramyces aquatica
OTU_268	barcode19	72	0.003561	1		Basidiomycota	Tremellomycetes	Trichosporonales	Trichosporonaceae	Apiotrichum	Apiotrichum otae
OTU_268	barcode20	108	0.002201	1		Basidiomycota	Tremellomycetes	Trichosporonales	Trichosporonaceae	Apiotrichum	Apiotrichum otae
OTU_268	barcode21	30	0.000307	1		Basidiomycota	Tremellomycetes	Trichosporonales	Trichosporonaceae	Apiotrichum	Apiotrichum otae
OTU_230	barcode19	130	0.006429	1		Basidiomycota	Pucciniomycetes	Pucciniales	Sphaerophragmiaceae	Dasyspora	Dasyspora frutescentis
OTU_230	barcode20	24	0.000489	1		Basidiomycota	Pucciniomycetes	Pucciniales	Sphaerophragmiaceae	Dasyspora	Dasyspora frutescentis
OTU_230	barcode21	50	0.000512	1		Basidiomycota	Pucciniomycetes	Pucciniales	Sphaerophragmiaceae	Dasyspora	Dasyspora frutescentis
OTU_86	barcode19	17	0.000841	3		Ascomycota	Saccharomycetes	Phaffomycetales	Phaffomycetaceae	Cyberlindnera	Cyberlindnera mississippiensis
OTU_86	barcode20	67	0.001365	3		Ascomycota	Saccharomycetes	Phaffomycetales	Phaffomycetaceae	Cyberlindnera	Cyberlindnera mississippiensis
OTU_86	barcode21	111	0.001136	3		Ascomycota	Saccharomycetes	Phaffomycetales	Phaffomycetaceae	Cyberlindnera	Cyberlindnera mississippiensis
OTU_194	barcode19	29	0.001434	1		Chytridiomycota	Neocallimastigomycetes	Neocallimastigales	Neocallimastigaceae	Piromyces	Piromyces finnis
OTU_194	barcode20	62	0.001264	1		Chytridiomycota	Neocallimastigomycetes	Neocallimastigales	Neocallimastigaceae	Piromyces	Piromyces finnis
OTU_194	barcode21	102	0.001044	1		Chytridiomycota	Neocallimastigomycetes	Neocallimastigales	Neocallimastigaceae	Piromyces	Piromyces finnis
OTU_182	barcode19	13	0.000643	2		Ascomycota	Dothideomycetes	Pleosporales	Pleosporaceae	Curvularia	Curvularia colbranii
OTU_182	barcode20	31	0.000632	2		Ascomycota	Dothideomycetes	Pleosporales	Pleosporaceae	Curvularia	Curvularia colbranii
OTU_182	barcode21	145	0.001483	2		Ascomycota	Dothideomycetes	Pleosporales	Pleosporaceae	Curvularia	Curvularia colbranii
OTU_286	barcode19	52	0.002572	1		Ascomycota	Pichiomycetes	Serinales	Metschnikowiaceae	Sungouiella	Sungouiella pseudoflosculorum
OTU_286	barcode20	58	0.001182	1		Ascomycota	Pichiomycetes	Serinales	Metschnikowiaceae	Sungouiella	Sungouiella pseudoflosculorum
OTU_286	barcode21	77	0.000788	1		Ascomycota	Pichiomycetes	Serinales	Metschnikowiaceae	Sungouiella	Sungouiella pseudoflosculorum
OTU_280	barcode19	14	0.000692	1		Basidiomycota	Agaricomycetes	Agaricales		Tricholomopsis	Tricholomopsis osiliensis
OTU_280	barcode20	47	0.000958	1		Basidiomycota	Agaricomycetes	Agaricales		Tricholomopsis	Tricholomopsis osiliensis
OTU_280	barcode21	117	0.001197	1		Basidiomycota	Agaricomycetes	Agaricales		Tricholomopsis	Tricholomopsis osiliensis
OTU_95	barcode19	23	0.001137	1		Basidiomycota	Classiculomycetes	Classiculales	Classiculaceae	Classicula	Classicula sinensis
OTU_95	barcode20	44	0.000897	1		Basidiomycota	Classiculomycetes	Classiculales	Classiculaceae	Classicula	Classicula sinensis
OTU_95	barcode21	107	0.001095	1		Basidiomycota	Classiculomycetes	Classiculales	Classiculaceae	Classicula	Classicula sinensis
OTU_3	barcode19	81	0.004006	1		Chytridiomycota	Chytridiomycetes	Spizellomycetales	Spizellomycetaceae	Spizellomyces	Spizellomyces punctatus
OTU_3	barcode20	27	0.000550	1		Chytridiomycota	Chytridiomycetes	Spizellomycetales	Spizellomycetaceae	Spizellomyces	Spizellomyces punctatus
OTU_3	barcode21	63	0.000645	1		Chytridiomycota	Chytridiomycetes	Spizellomycetales	Spizellomycetaceae	Spizellomyces	Spizellomyces punctatus
OTU_143	barcode19	27	0.001335	1		Basidiomycota	Microbotryomycetes		Chrysozymaceae	Trigonosporomyces	Trigonosporomyces hylophilus
OTU_143	barcode20	41	0.000836	1		Basidiomycota	Microbotryomycetes		Chrysozymaceae	Trigonosporomyces	Trigonosporomyces hylophilus
OTU_143	barcode21	100	0.001023	1		Basidiomycota	Microbotryomycetes		Chrysozymaceae	Trigonosporomyces	Trigonosporomyces hylophilus
OTU_1	barcode19	30	0.001484	1		Chlorophyta	Trebouxiophyceae	Chlorellales	Chlorellaceae	Chlorella	Chlorella variabilis
OTU_1	barcode20	49	0.000999	1		Chlorophyta	Trebouxiophyceae	Chlorellales	Chlorellaceae	Chlorella	Chlorella variabilis
OTU_1	barcode21	85	0.000870	1		Chlorophyta	Trebouxiophyceae	Chlorellales	Chlorellaceae	Chlorella	Chlorella variabilis
OTU_248	barcode19	66	0.003264	1		Ascomycota	Trigonopsidomycetes	Trigonopsidales	Trigonopsidaceae	Tortispora	Tortispora agaves
OTU_248	barcode20	20	0.000408	1		Ascomycota	Trigonopsidomycetes	Trigonopsidales	Trigonopsidaceae	Tortispora	Tortispora agaves
OTU_248	barcode21	55	0.000563	1		Ascomycota	Trigonopsidomycetes	Trigonopsidales	Trigonopsidaceae	Tortispora	Tortispora agaves
OTU_163	barcode19	57	0.002819	1		Basidiomycota	Agaricomycetes	Russulales	Russulaceae	Lactifluus	Lactifluus chrysocarpus
OTU_163	barcode20	28	0.000571	1		Basidiomycota	Agaricomycetes	Russulales	Russulaceae	Lactifluus	Lactifluus chrysocarpus
OTU_163	barcode21	55	0.000563	1		Basidiomycota	Agaricomycetes	Russulales	Russulaceae	Lactifluus	Lactifluus chrysocarpus
OTU_82	barcode19	19	0.000940	3		Ascomycota	Lipomycetes	Lipomycetales	Lipomycetaceae	Myxozyma	Myxozyma vanderwaltii
OTU_82	barcode20	24	0.000489	3		Ascomycota	Lipomycetes	Lipomycetales	Lipomycetaceae	Myxozyma	Myxozyma vanderwaltii
OTU_82	barcode21	95	0.000972	3		Ascomycota	Lipomycetes	Lipomycetales	Lipomycetaceae	Myxozyma	Myxozyma vanderwaltii
OTU_10	barcode19	11	0.000544	1		Ascomycota	Dothideomycetes	Mycosphaerellales	Mycosphaerellaceae	Pseudocercospora	Pseudocercospora fijiensis
OTU_10	barcode20	46	0.000937	1		Ascomycota	Dothideomycetes	Mycosphaerellales	Mycosphaerellaceae	Pseudocercospora	Pseudocercospora fijiensis
OTU_10	barcode21	78	0.000798	1		Ascomycota	Dothideomycetes	Mycosphaerellales	Mycosphaerellaceae	Pseudocercospora	Pseudocercospora fijiensis
OTU_275	barcode19	15	0.000742	1		Ascomycota	Dipodascomycetes	Dipodascales	Trichomonascaceae	Starmerella	Starmerella vitae
OTU_275	barcode20	27	0.000550	1		Ascomycota	Dipodascomycetes	Dipodascales	Trichomonascaceae	Starmerella	Starmerella vitae
OTU_275	barcode21	86	0.000880	1		Ascomycota	Dipodascomycetes	Dipodascales	Trichomonascaceae	Starmerella	Starmerella vitae
OTU_115	barcode19	33	0.001632	1		Ascomycota	Dothideomycetes	Kirschsteiniotheliales	Kirschsteiniotheliaceae	Kirschsteiniothelia	Kirschsteiniothelia puerensis
OTU_115	barcode20	28	0.000571	1		Ascomycota	Dothideomycetes	Kirschsteiniotheliales	Kirschsteiniotheliaceae	Kirschsteiniothelia	Kirschsteiniothelia puerensis
OTU_115	barcode21	57	0.000583	1		Ascomycota	Dothideomycetes	Kirschsteiniotheliales	Kirschsteiniotheliaceae	Kirschsteiniothelia	Kirschsteiniothelia puerensis
OTU_19	barcode19	13	0.000643	1		Ascomycota	Sordariomycetes		Atractosporaceae	Atractospora	Atractospora decumbens
OTU_19	barcode20	32	0.000652	1		Ascomycota	Sordariomycetes		Atractosporaceae	Atractospora	Atractospora decumbens
OTU_19	barcode21	58	0.000593	1		Ascomycota	Sordariomycetes		Atractosporaceae	Atractospora	Atractospora decumbens
OTU_112	barcode19	21	0.001039	1		Chytridiomycota	Neocallimastigomycetes	Neocallimastigales	Neocallimastigaceae	Pecoramyces	Pecoramyces ruminantium
OTU_112	barcode20	22	0.000448	1		Chytridiomycota	Neocallimastigomycetes	Neocallimastigales	Neocallimastigaceae	Pecoramyces	Pecoramyces ruminantium
OTU_112	barcode21	37	0.000379	1		Chytridiomycota	Neocallimastigomycetes	Neocallimastigales	Neocallimastigaceae	Pecoramyces	Pecoramyces ruminantium
OTU_85	barcode19	15	0.000742	1		Mucoromycota		Calcarisporiellales	Calcarisporiellaceae	Calcarisporiella	Calcarisporiella thermophila
OTU_85	barcode20	25	0.000509	1		Mucoromycota		Calcarisporiellales	Calcarisporiellaceae	Calcarisporiella	Calcarisporiella thermophila
OTU_85	barcode21	36	0.000368	1		Mucoromycota		Calcarisporiellales	Calcarisporiellaceae	Calcarisporiella	Calcarisporiella thermophila
OTU_9	barcode19	14	0.000692	1		Zoopagomycota	Kickxellomycetes	Kickxellales	Kickxellaceae	Mycoemilia	Mycoemilia scoparia
OTU_9	barcode20	15	0.000306	1		Zoopagomycota	Kickxellomycetes	Kickxellales	Kickxellaceae	Mycoemilia	Mycoemilia scoparia
OTU_9	barcode21	44	0.000450	1		Zoopagomycota	Kickxellomycetes	Kickxellales	Kickxellaceae	Mycoemilia	Mycoemilia scoparia
OTU_45	barcode19	17	0.000841	1		Chytridiomycota	Chytridiomycetes	Synchytriales	Synchytriaceae	Synchytrium	Synchytrium microbalum
OTU_45	barcode20	20	0.000408	1		Chytridiomycota	Chytridiomycetes	Synchytriales	Synchytriaceae	Synchytrium	Synchytrium microbalum
OTU_45	barcode21	28	0.000286	1		Chytridiomycota	Chytridiomycetes	Synchytriales	Synchytriaceae	Synchytrium	Synchytrium microbalum
OTU_96	barcode19	12	0.000593	1		Ascomycota	Lecanoromycetes	Ostropales	Stictidaceae	Cyanodermella	Cyanodermella oleoligni
OTU_96	barcode20	20	0.000408	1		Ascomycota	Lecanoromycetes	Ostropales	Stictidaceae	Cyanodermella	Cyanodermella oleoligni
OTU_96	barcode21	25	0.000256	1		Ascomycota	Lecanoromycetes	Ostropales	Stictidaceae	Cyanodermella	Cyanodermella oleoligni
