sample_id	cluster_id	abundance	member_taxids	member_taxa	read_count
barcode13_120_filtered	0	0.003374	84032	84032||Bacillota|Clostridia|Eubacteriales|Clostridiaceae|Clostridium|Clostridium thermosuccinogenes	88.000000
barcode13_120_filtered	3	0.008770	288965	288965||Bacillota|Clostridia|Eubacteriales|Oscillospiraceae|Acetivibrio|Acetivibrio clariflavus	321.000000
barcode13_120_filtered	5	0.006601	394284	394284||Bacillota|Negativicutes|Selenomonadales|Sporomusaceae|Psychrosinus|Psychrosinus fermentans	69.000000
barcode13_120_filtered	11	0.013602	258515	258515||Bacillota|Clostridia|Eubacteriales|Oscillospiraceae|Acetanaerobacterium|Acetanaerobacterium elongatum	604.000000
barcode13_120_filtered	12	0.000775	1860101	1860101||Pseudomonadota|Betaproteobacteria|Rhodocyclales|Rhodocyclaceae|Propionivibrio|Candidatus Propionivibrio aalborgensis	23.000000
barcode13_120_filtered	14	0.001629	1379270	1379270||Gemmatimonadota|Gemmatimonadia|Gemmatimonadales|Gemmatimonadaceae|Gemmatimonas|Gemmatimonas phototrophica	75.000000
barcode13_120_filtered	18	0.027532	2576756	2576756||Bacillota|Clostridia|Eubacteriales|Acutalibacteraceae|Caproicibacter|Caproicibacter fermentans	1080.000000
barcode13_120_filtered	21	0.001008	1147123	1147123||Bacillota|Clostridia|Eubacteriales|Clostridiaceae|Caloramator|Caloramator quimbayensis	37.000000
barcode13_120_filtered	24	0.000321	474960	474960||Bacillota|Clostridia|Eubacteriales|Oscillospiraceae|Hydrogenoanaerobacterium|Hydrogenoanaerobacterium saccharovorans	17.000000
barcode13_120_filtered	26	0.002272	985	985||Bacteroidota|Cytophagia|Cytophagales|Cytophagaceae|Cytophaga|Cytophaga hutchinsonii	92.000000
barcode13_120_filtered	27	0.000857	1794912	1794912||Bacillota|Negativicutes||Acetonemataceae|Anaerosporomusa|Anaerosporomusa subterranea	34.000000
barcode13_120_filtered	31	0.000943	1855912	1855912||Acidobacteriota|Vicinamibacteria|Vicinamibacterales|Vicinamibacteraceae|Luteitalea|Luteitalea pratensis	41.000000
barcode13_120_filtered	33	0.142209	1096341	1096341||Bacillota|Clostridia|Eubacteriales|Clostridiaceae|Fonticella|Fonticella tunisiensis	35.000000
barcode13_120_filtered	36	0.055086	36849	36849||Bacillota|Clostridia|Eubacteriales|Clostridiaceae|Oxobacter|Oxobacter pfennigii	29.000000
barcode13_120_filtered	38	0.003432	2836848;3240932	2836848||Bacillota|Clostridia|Eubacteriales|Clostridiaceae|Clostridium|Clostridium aromativorans;3240932||Bacillota|Clostridia|Eubacteriales|Clostridiaceae|Clostridium|Clostridium moutaii	142.000000
barcode13_120_filtered	39	0.000880	2014610	2014610||Gemmatimonadota|Gemmatimonadia|Gemmatimonadales|Gemmatimonadaceae|Roseisolibacter|Roseisolibacter agri	13.000000
barcode13_120_filtered	42	0.001350	2941510	2941510||Bacillota|Clostridia|Eubacteriales|Pumilibacteraceae|Pumilibacter|Pumilibacter muris	13.000000
barcode13_120_filtered	43	0.001236	2038680	2038680||Bacillota|Clostridia|Eubacteriales|Oscillospiraceae|Paludihabitans|Paludihabitans psychrotolerans	36.000000
barcode13_120_filtered	45	0.003922	29355	29355||Bacillota|Clostridia|Eubacteriales|Oscillospiraceae|Ruminiclostridium|Ruminiclostridium cellobioparum	10.000000
barcode13_120_filtered	48	0.000279	2655001	2655001||Bacillota|Clostridia|Eubacteriales|Eubacteriaceae|Alkalibaculum|Alkalibaculum sporogenes	13.000000
barcode13_120_filtered	51	0.022386	433293	433293||Bacillota|Clostridia|Lachnospirales|Lachnospiraceae|Anaerotaenia|Anaerotaenia torta	20.000000
barcode13_120_filtered	53	0.000557	1960156	1960156||Abditibacteriota|Abditibacteriia|Abditibacteriales|Abditibacteriaceae|Abditibacterium|Abditibacterium utsteinense	28.000000
barcode13_120_filtered	57	0.001265	1367462	1367462||Bacillota|Clostridia|Eubacteriales|Clostridiaceae|Clostridium|Clostridium swellfunianum	34.000000
barcode13_120_filtered	58	0.003322	35830	35830||Bacillota|Clostridia|Eubacteriales|Oscillospiraceae|Acetivibrio|Acetivibrio cellulolyticus	37.000000
barcode13_120_filtered	60	0.000450	1658620	1658620||Rhodothermota|Rhodothermia|Rhodothermales|Rubricoccaceae|Rubrivirga|Rubrivirga profundi	11.000000
barcode13_120_filtered	62	0.179979	2496273	2496273||Bacillota|Clostridia|Caldicoprobacterales|Xylanivirgaceae|Xylanivirga|Xylanivirga thermophila	629.000000
barcode13_120_filtered	66	0.000279	3036359	3036359||Bacteroidota|Sphingobacteriia|Sphingobacteriales|Aurantibacillaceae|Aurantibacillus|Aurantibacillus circumpalustris	13.000000
barcode13_120_filtered	70	0.002379	758823	758823||Candidatus Melainabacteria|Vampirovibriophyceae|Vampirovibrionales||Vampirovibrio|Vampirovibrio chlorellavorus	111.000000
barcode13_120_filtered	73	0.018409	642589	642589||Bacillota|Clostridia|Eubacteriales|Acutalibacteraceae|Caproiciproducens|Caproiciproducens galactitolivorans	95.000000
barcode13_120_filtered	74	0.004559	1462919	1462919||Bacillota|Clostridia|Lachnospirales|Lachnospiraceae|Mobilitalea|Mobilitalea sibirica	23.000000
barcode13_120_filtered	75	0.002743	2010828	2010828||Bacteroidota|Bacteroidia|Marinilabiliales|Prolixibacteraceae|Aquipluma|Aquipluma nitroreducens	118.000000
barcode13_120_filtered	81	0.003343	1944642	1944642||Bacillota|Clostridia|Eubacteriales|Oscillospiraceae|Marasmitruncus|Marasmitruncus massiliensis	129.000000
barcode13_120_filtered	82	0.001305	130788	130788||Bacillota|Tissierellia|||Sedimentibacter|Sedimentibacter saalensis	27.000000
barcode13_120_filtered	86	0.000991	1244894;1664572	1244894||Pseudomonadota|Alphaproteobacteria|Sphingomonadales|Sphingomonadaceae|Sphingomonas|Sphingomonas fonticola;1664572||Pseudomonadota|Alphaproteobacteria|Sphingomonadales|Sphingomonadaceae|Sphingomonas|Sphingomonas piscinae	21.000000
barcode13_120_filtered	88	0.057697	2507161	2507161||Bacillota|Tissierellia|Tissierellales|Acidilutibacteraceae|Acidilutibacter|Acidilutibacter cellobiosedens	2488.000000
barcode13_120_filtered	94	0.001013	74312	74312||Pseudomonadota|Alphaproteobacteria|Caulobacterales|Caulobacteraceae|Brevundimonas|Brevundimonas variabilis	37.000000
barcode13_120_filtered	103	0.000279	373043	373043||Pseudomonadota|Alphaproteobacteria|Acetobacterales|Acetobacteraceae|Paeniroseomonas|Paeniroseomonas aquatica	12.000000
barcode13_120_filtered	104	0.000343	36845	36845||Bacillota|Clostridia|Eubacteriales|Clostridiaceae|Clostridium|Clostridium intestinale	15.000000
barcode13_120_filtered	106	0.000364	1337094	1337094||Bacillota|Clostridia|Eubacteriales|Oscillospiraceae|Ercella|Ercella succinigenes	17.000000
barcode13_120_filtered	109	0.000750	1348470	1348470||Pseudomonadota|Alphaproteobacteria|Hyphomonadales|Hyphomonadaceae|Asprobacter|Asprobacter aquaticus	30.000000
barcode13_120_filtered	110	0.001886	2820301	2820301||Bacillota|Clostridia|Eubacteriales|Acutalibacteraceae|Caproiciproducens|Caproiciproducens faecalis	46.000000
barcode13_120_filtered	112	0.000391	2307010	2307010||Bacillota|Clostridia|Lachnospirales|Lachnospiraceae|Candidatus Galacturonatibacter|Candidatus Galacturonatibacter soehngenii	79.000000
barcode14_120_filtered	0	0.005668	84032	84032||Bacillota|Clostridia|Eubacteriales|Clostridiaceae|Clostridium|Clostridium thermosuccinogenes	212.000000
barcode14_120_filtered	3	0.003783	288965	288965||Bacillota|Clostridia|Eubacteriales|Oscillospiraceae|Acetivibrio|Acetivibrio clariflavus	113.000000
barcode14_120_filtered	5	0.012579	394284	394284||Bacillota|Negativicutes|Selenomonadales|Sporomusaceae|Psychrosinus|Psychrosinus fermentans	89.000000
barcode14_120_filtered	11	0.016713	258515	258515||Bacillota|Clostridia|Eubacteriales|Oscillospiraceae|Acetanaerobacterium|Acetanaerobacterium elongatum	755.000000
barcode14_120_filtered	12	0.001007	1860101	1860101||Pseudomonadota|Betaproteobacteria|Rhodocyclales|Rhodocyclaceae|Propionivibrio|Candidatus Propionivibrio aalborgensis	43.000000
barcode14_120_filtered	14	0.002802	1379270	1379270||Gemmatimonadota|Gemmatimonadia|Gemmatimonadales|Gemmatimonadaceae|Gemmatimonas|Gemmatimonas phototrophica	119.000000
barcode14_120_filtered	18	0.031375	2576756	2576756||Bacillota|Clostridia|Eubacteriales|Acutalibacteraceae|Caproicibacter|Caproicibacter fermentans	1274.000000
barcode14_120_filtered	21	0.000806	1147123	1147123||Bacillota|Clostridia|Eubacteriales|Clostridiaceae|Caloramator|Caloramator quimbayensis	21.000000
barcode14_120_filtered	24	0.000578	474960	474960||Bacillota|Clostridia|Eubacteriales|Oscillospiraceae|Hydrogenoanaerobacterium|Hydrogenoanaerobacterium saccharovorans	28.000000
barcode14_120_filtered	26	0.002460	985	985||Bacteroidota|Cytophagia|Cytophagales|Cytophagaceae|Cytophaga|Cytophaga hutchinsonii	100.000000
barcode14_120_filtered	27	0.000685	1794912	1794912||Bacillota|Negativicutes||Acetonemataceae|Anaerosporomusa|Anaerosporomusa subterranea	31.000000
barcode14_120_filtered	28	0.000321	2963406	2963406||Actinomycetota|Actinomycetes|Micrococcales|Microbacteriaceae|Microcella|Microcella humidisoli	12.000000
barcode14_120_filtered	31	0.001220	1855912	1855912||Acidobacteriota|Vicinamibacteria|Vicinamibacterales|Vicinamibacteraceae|Luteitalea|Luteitalea pratensis	51.000000
barcode14_120_filtered	33	0.089107	1096341	1096341||Bacillota|Clostridia|Eubacteriales|Clostridiaceae|Fonticella|Fonticella tunisiensis	13.000000
barcode14_120_filtered	36	0.049748	36849	36849||Bacillota|Clostridia|Eubacteriales|Clostridiaceae|Oxobacter|Oxobacter pfennigii	20.000000
barcode14_120_filtered	38	0.003402	2836848;3240932	2836848||Bacillota|Clostridia|Eubacteriales|Clostridiaceae|Clostridium|Clostridium aromativorans;3240932||Bacillota|Clostridia|Eubacteriales|Clostridiaceae|Clostridium|Clostridium moutaii	151.000000
barcode14_120_filtered	39	0.001471	2014610	2014610||Gemmatimonadota|Gemmatimonadia|Gemmatimonadales|Gemmatimonadaceae|Roseisolibacter|Roseisolibacter agri	25.000000
barcode14_120_filtered	42	0.001113	2941510	2941510||Bacillota|Clostridia|Eubacteriales|Pumilibacteraceae|Pumilibacter|Pumilibacter muris	13.000000
barcode14_120_filtered	43	0.001006	2038680	2038680||Bacillota|Clostridia|Eubacteriales|Oscillospiraceae|Paludihabitans|Paludihabitans psychrotolerans	28.000000
barcode14_120_filtered	48	0.000813	2655001	2655001||Bacillota|Clostridia|Eubacteriales|Eubacteriaceae|Alkalibaculum|Alkalibaculum sporogenes	37.000000
barcode14_120_filtered	51	0.021880	433293	433293||Bacillota|Clostridia|Lachnospirales|Lachnospiraceae|Anaerotaenia|Anaerotaenia torta	43.000000
barcode14_120_filtered	53	0.000685	1960156	1960156||Abditibacteriota|Abditibacteriia|Abditibacteriales|Abditibacteriaceae|Abditibacterium|Abditibacterium utsteinense	32.000000
barcode14_120_filtered	57	0.001755	1367462	1367462||Bacillota|Clostridia|Eubacteriales|Clostridiaceae|Clostridium|Clostridium swellfunianum	39.000000
barcode14_120_filtered	58	0.004009	35830	35830||Bacillota|Clostridia|Eubacteriales|Oscillospiraceae|Acetivibrio|Acetivibrio cellulolyticus	26.000000
barcode14_120_filtered	60	0.000792	1658620	1658620||Rhodothermota|Rhodothermia|Rhodothermales|Rubricoccaceae|Rubrivirga|Rubrivirga profundi	20.000000
barcode14_120_filtered	62	0.078802	2496273	2496273||Bacillota|Clostridia|Caldicoprobacterales|Xylanivirgaceae|Xylanivirga|Xylanivirga thermophila	269.000000
barcode14_120_filtered	66	0.000257	3036359	3036359||Bacteroidota|Sphingobacteriia|Sphingobacteriales|Aurantibacillaceae|Aurantibacillus|Aurantibacillus circumpalustris	11.000000
barcode14_120_filtered	70	0.003616	758823	758823||Candidatus Melainabacteria|Vampirovibriophyceae|Vampirovibrionales||Vampirovibrio|Vampirovibrio chlorellavorus	169.000000
barcode14_120_filtered	71	0.000278	1678841	1678841||Bacteroidota|Bacteroidia|Bacteroidales|Lentimicrobiaceae|Lentimicrobium|Lentimicrobium saccharophilum	12.000000
barcode14_120_filtered	73	0.027579	642589	642589||Bacillota|Clostridia|Eubacteriales|Acutalibacteraceae|Caproiciproducens|Caproiciproducens galactitolivorans	113.000000
barcode14_120_filtered	74	0.004251	1462919	1462919||Bacillota|Clostridia|Lachnospirales|Lachnospiraceae|Mobilitalea|Mobilitalea sibirica	13.000000
barcode14_120_filtered	75	0.001712	2010828	2010828||Bacteroidota|Bacteroidia|Marinilabiliales|Prolixibacteraceae|Aquipluma|Aquipluma nitroreducens	79.000000
barcode14_120_filtered	81	0.003252	1944642	1944642||Bacillota|Clostridia|Eubacteriales|Oscillospiraceae|Marasmitruncus|Marasmitruncus massiliensis	134.000000
barcode14_120_filtered	82	0.000644	130788	130788||Bacillota|Tissierellia|||Sedimentibacter|Sedimentibacter saalensis	17.000000
barcode14_120_filtered	86	0.001200	1244894;1664572	1244894||Pseudomonadota|Alphaproteobacteria|Sphingomonadales|Sphingomonadaceae|Sphingomonas|Sphingomonas fonticola;1664572||Pseudomonadota|Alphaproteobacteria|Sphingomonadales|Sphingomonadaceae|Sphingomonas|Sphingomonas piscinae	25.000000
barcode14_120_filtered	88	0.057304	2507161	2507161||Bacillota|Tissierellia|Tissierellales|Acidilutibacteraceae|Acidilutibacter|Acidilutibacter cellobiosedens	2594.000000
barcode14_120_filtered	94	0.001315	74312	74312||Pseudomonadota|Alphaproteobacteria|Caulobacterales|Caulobacteraceae|Brevundimonas|Brevundimonas variabilis	49.000000
barcode14_120_filtered	98	0.000428	2884263	2884263||Actinomycetota|Acidimicrobiia|Acidimicrobiales|Iamiaceae|Dermatobacter|Dermatobacter hominis	20.000000
barcode14_120_filtered	103	0.000642	373043	373043||Pseudomonadota|Alphaproteobacteria|Acetobacterales|Acetobacteraceae|Paeniroseomonas|Paeniroseomonas aquatica	29.000000
barcode14_120_filtered	104	0.000578	36845	36845||Bacillota|Clostridia|Eubacteriales|Clostridiaceae|Clostridium|Clostridium intestinale	27.000000
barcode14_120_filtered	106	0.000449	1337094	1337094||Bacillota|Clostridia|Eubacteriales|Oscillospiraceae|Ercella|Ercella succinigenes	17.000000
barcode14_120_filtered	109	0.001540	1348470	1348470||Pseudomonadota|Alphaproteobacteria|Hyphomonadales|Hyphomonadaceae|Asprobacter|Asprobacter aquaticus	69.000000
barcode14_120_filtered	110	0.001969	2820301	2820301||Bacillota|Clostridia|Eubacteriales|Acutalibacteraceae|Caproiciproducens|Caproiciproducens faecalis	45.000000
barcode14_120_filtered	112	0.000392	2307010	2307010||Bacillota|Clostridia|Lachnospirales|Lachnospiraceae|Candidatus Galacturonatibacter|Candidatus Galacturonatibacter soehngenii	53.000000
barcode15_120_filtered	0	0.004400	84032	84032||Bacillota|Clostridia|Eubacteriales|Clostridiaceae|Clostridium|Clostridium thermosuccinogenes	179.000000
barcode15_120_filtered	3	0.004122	288965	288965||Bacillota|Clostridia|Eubacteriales|Oscillospiraceae|Acetivibrio|Acetivibrio clariflavus	110.000000
barcode15_120_filtered	5	0.012584	394284	394284||Bacillota|Negativicutes|Selenomonadales|Sporomusaceae|Psychrosinus|Psychrosinus fermentans	82.000000
barcode15_120_filtered	11	0.020240	258515	258515||Bacillota|Clostridia|Eubacteriales|Oscillospiraceae|Acetanaerobacterium|Acetanaerobacterium elongatum	893.000000
barcode15_120_filtered	12	0.001067	1860101	1860101||Pseudomonadota|Betaproteobacteria|Rhodocyclales|Rhodocyclaceae|Propionivibrio|Candidatus Propionivibrio aalborgensis	40.000000
barcode15_120_filtered	14	0.002359	1379270	1379270||Gemmatimonadota|Gemmatimonadia|Gemmatimonadales|Gemmatimonadaceae|Gemmatimonas|Gemmatimonas phototrophica	96.000000
barcode15_120_filtered	18	0.029585	2576756	2576756||Bacillota|Clostridia|Eubacteriales|Acutalibacteraceae|Caproicibacter|Caproicibacter fermentans	1230.000000
barcode15_120_filtered	21	0.000965	1147123	1147123||Bacillota|Clostridia|Eubacteriales|Clostridiaceae|Caloramator|Caloramator quimbayensis	35.000000
barcode15_120_filtered	24	0.000427	474960	474960||Bacillota|Clostridia|Eubacteriales|Oscillospiraceae|Hydrogenoanaerobacterium|Hydrogenoanaerobacterium saccharovorans	19.000000
barcode15_120_filtered	26	0.002991	985	985||Bacteroidota|Cytophagia|Cytophagales|Cytophagaceae|Cytophaga|Cytophaga hutchinsonii	117.000000
barcode15_120_filtered	27	0.000989	1794912	1794912||Bacillota|Negativicutes||Acetonemataceae|Anaerosporomusa|Anaerosporomusa subterranea	44.000000
barcode15_120_filtered	31	0.001453	1855912	1855912||Acidobacteriota|Vicinamibacteria|Vicinamibacterales|Vicinamibacteraceae|Luteitalea|Luteitalea pratensis	68.000000
barcode15_120_filtered	33	0.110967	1096341	1096341||Bacillota|Clostridia|Eubacteriales|Clostridiaceae|Fonticella|Fonticella tunisiensis	26.000000
barcode15_120_filtered	36	0.064205	36849	36849||Bacillota|Clostridia|Eubacteriales|Clostridiaceae|Oxobacter|Oxobacter pfennigii	25.000000
barcode15_120_filtered	38	0.002692	2836848;3240932	2836848||Bacillota|Clostridia|Eubacteriales|Clostridiaceae|Clostridium|Clostridium aromativorans;3240932||Bacillota|Clostridia|Eubacteriales|Clostridiaceae|Clostridium|Clostridium moutaii	115.000000
barcode15_120_filtered	39	0.001796	2014610	2014610||Gemmatimonadota|Gemmatimonadia|Gemmatimonadales|Gemmatimonadaceae|Roseisolibacter|Roseisolibacter agri	22.000000
barcode15_120_filtered	42	0.002136	2941510	2941510||Bacillota|Clostridia|Eubacteriales|Pumilibacteraceae|Pumilibacter|Pumilibacter muris	25.000000
barcode15_120_filtered	43	0.001403	2038680	2038680||Bacillota|Clostridia|Eubacteriales|Oscillospiraceae|Paludihabitans|Paludihabitans psychrotolerans	51.000000
barcode15_120_filtered	48	0.000641	2655001	2655001||Bacillota|Clostridia|Eubacteriales|Eubacteriaceae|Alkalibaculum|Alkalibaculum sporogenes	25.000000
barcode15_120_filtered	51	0.024381	433293	433293||Bacillota|Clostridia|Lachnospirales|Lachnospiraceae|Anaerotaenia|Anaerotaenia torta	96.000000
barcode15_120_filtered	53	0.000278	1960156	1960156||Abditibacteriota|Abditibacteriia|Abditibacteriales|Abditibacteriaceae|Abditibacterium|Abditibacterium utsteinense	15.000000
barcode15_120_filtered	57	0.001730	1367462	1367462||Bacillota|Clostridia|Eubacteriales|Clostridiaceae|Clostridium|Clostridium swellfunianum	35.000000
barcode15_120_filtered	58	0.003982	35830	35830||Bacillota|Clostridia|Eubacteriales|Oscillospiraceae|Acetivibrio|Acetivibrio cellulolyticus	29.000000
barcode15_120_filtered	60	0.000726	1658620	1658620||Rhodothermota|Rhodothermia|Rhodothermales|Rubricoccaceae|Rubrivirga|Rubrivirga profundi	13.000000
barcode15_120_filtered	62	0.064007	2496273	2496273||Bacillota|Clostridia|Caldicoprobacterales|Xylanivirgaceae|Xylanivirga|Xylanivirga thermophila	251.000000
barcode15_120_filtered	66	0.000320	3036359	3036359||Bacteroidota|Sphingobacteriia|Sphingobacteriales|Aurantibacillaceae|Aurantibacillus|Aurantibacillus circumpalustris	15.000000
barcode15_120_filtered	70	0.002948	758823	758823||Candidatus Melainabacteria|Vampirovibriophyceae|Vampirovibrionales||Vampirovibrio|Vampirovibrio chlorellavorus	139.000000
barcode15_120_filtered	73	0.026026	642589	642589||Bacillota|Clostridia|Eubacteriales|Acutalibacteraceae|Caproiciproducens|Caproiciproducens galactitolivorans	184.000000
barcode15_120_filtered	74	0.003655	1462919	1462919||Bacillota|Clostridia|Lachnospirales|Lachnospiraceae|Mobilitalea|Mobilitalea sibirica	20.000000
barcode15_120_filtered	75	0.001474	2010828	2010828||Bacteroidota|Bacteroidia|Marinilabiliales|Prolixibacteraceae|Aquipluma|Aquipluma nitroreducens	68.000000
barcode15_120_filtered	81	0.003078	1944642	1944642||Bacillota|Clostridia|Eubacteriales|Oscillospiraceae|Marasmitruncus|Marasmitruncus massiliensis	128.000000
barcode15_120_filtered	82	0.000825	130788	130788||Bacillota|Tissierellia|||Sedimentibacter|Sedimentibacter saalensis	14.000000
barcode15_120_filtered	86	0.000889	1244894;1664572	1244894||Pseudomonadota|Alphaproteobacteria|Sphingomonadales|Sphingomonadaceae|Sphingomonas|Sphingomonas fonticola;1664572||Pseudomonadota|Alphaproteobacteria|Sphingomonadales|Sphingomonadaceae|Sphingomonas|Sphingomonas piscinae	16.000000
barcode15_120_filtered	88	0.050823	2507161	2507161||Bacillota|Tissierellia|Tissierellales|Acidilutibacteraceae|Acidilutibacter|Acidilutibacter cellobiosedens	2308.000000
barcode15_120_filtered	94	0.002363	74312	74312||Pseudomonadota|Alphaproteobacteria|Caulobacterales|Caulobacteraceae|Brevundimonas|Brevundimonas variabilis	96.000000
barcode15_120_filtered	98	0.000620	2884263	2884263||Actinomycetota|Acidimicrobiia|Acidimicrobiales|Iamiaceae|Dermatobacter|Dermatobacter hominis	26.000000
barcode15_120_filtered	103	0.000577	373043	373043||Pseudomonadota|Alphaproteobacteria|Acetobacterales|Acetobacteraceae|Paeniroseomonas|Paeniroseomonas aquatica	27.000000
barcode15_120_filtered	104	0.000278	36845	36845||Bacillota|Clostridia|Eubacteriales|Clostridiaceae|Clostridium|Clostridium intestinale	13.000000
barcode15_120_filtered	109	0.001346	1348470	1348470||Pseudomonadota|Alphaproteobacteria|Hyphomonadales|Hyphomonadaceae|Asprobacter|Asprobacter aquaticus	60.000000
barcode15_120_filtered	110	0.002094	2820301	2820301||Bacillota|Clostridia|Eubacteriales|Acutalibacteraceae|Caproiciproducens|Caproiciproducens faecalis	46.000000
barcode15_120_filtered	112	0.000309	2307010	2307010||Bacillota|Clostridia|Lachnospirales|Lachnospiraceae|Candidatus Galacturonatibacter|Candidatus Galacturonatibacter soehngenii	56.000000
barcode16_120_filtered	0	0.000368	84032	84032||Bacillota|Clostridia|Eubacteriales|Clostridiaceae|Clostridium|Clostridium thermosuccinogenes	14.000000
barcode16_120_filtered	3	0.002726	288965	288965||Bacillota|Clostridia|Eubacteriales|Oscillospiraceae|Acetivibrio|Acetivibrio clariflavus	84.000000
barcode16_120_filtered	4	0.001659	1032527	1032527||Verrucomicrobiota|Pedosphaerae|Pedosphaerales|Pedosphaeraceae|Pedosphaera|Pedosphaera parvula	81.000000
barcode16_120_filtered	5	0.012733	394284	394284||Bacillota|Negativicutes|Selenomonadales|Sporomusaceae|Psychrosinus|Psychrosinus fermentans	49.000000
barcode16_120_filtered	6	0.004375	2763673	2763673||Bacillota|Clostridia|Eubacteriales|Oscillospiraceae|Yanshouia|Yanshouia hominis	184.000000
barcode16_120_filtered	7	0.004180	342666	342666||Bacillota|Clostridia|Eubacteriales|Gracilibacteraceae|Gracilibacter|Gracilibacter thermotolerans	34.000000
barcode16_120_filtered	9	0.005160	2590199	2590199||Myxococcota|Myxococcia|Myxococcales|Anaeromyxobacteraceae|Anaeromyxobacter|Anaeromyxobacter diazotrophicus	25.000000
barcode16_120_filtered	11	0.007662	258515	258515||Bacillota|Clostridia|Eubacteriales|Oscillospiraceae|Acetanaerobacterium|Acetanaerobacterium elongatum	328.000000
barcode16_120_filtered	12	0.000838	1860101	1860101||Pseudomonadota|Betaproteobacteria|Rhodocyclales|Rhodocyclaceae|Propionivibrio|Candidatus Propionivibrio aalborgensis	32.000000
barcode16_120_filtered	13	0.004007	2725268	2725268||Mycoplasmatota|Mollicutes|Candidatus Izemoplasmatales|Hujiaoplasmataceae|Hujiaoplasma|Hujiaoplasma nucleasis	179.000000
barcode16_120_filtered	14	0.001254	1379270	1379270||Gemmatimonadota|Gemmatimonadia|Gemmatimonadales|Gemmatimonadaceae|Gemmatimonas|Gemmatimonas phototrophica	45.000000
barcode16_120_filtered	17	0.007376	1537567	1537567||Bacillota|Clostridia|Eubacteriales|Eubacteriales Family XII. Incertae Sedis|Fusibacter|Fusibacter fontis	20.000000
barcode16_120_filtered	21	0.000431	1147123	1147123||Bacillota|Clostridia|Eubacteriales|Clostridiaceae|Caloramator|Caloramator quimbayensis	22.000000
barcode16_120_filtered	23	0.046151	1852363	1852363||Bacillota|Clostridia|Eubacteriales|Beduinellaceae|Beduinella|Beduinella massiliensis	17.000000
barcode16_120_filtered	24	0.000883	474960	474960||Bacillota|Clostridia|Eubacteriales|Oscillospiraceae|Hydrogenoanaerobacterium|Hydrogenoanaerobacterium saccharovorans	37.000000
barcode16_120_filtered	26	0.001702	985	985||Bacteroidota|Cytophagia|Cytophagales|Cytophagaceae|Cytophaga|Cytophaga hutchinsonii	57.000000
barcode16_120_filtered	27	0.011741	1794912	1794912||Bacillota|Negativicutes||Acetonemataceae|Anaerosporomusa|Anaerosporomusa subterranea	495.000000
barcode16_120_filtered	28	0.000407	2963406	2963406||Actinomycetota|Actinomycetes|Micrococcales|Microbacteriaceae|Microcella|Microcella humidisoli	12.000000
barcode16_120_filtered	29	0.008021	44749	44749||Bacillota|Clostridia|Eubacteriales|Oscillospiraceae|Sporobacter|Sporobacter termitidis	33.000000
barcode16_120_filtered	31	0.000991	1855912	1855912||Acidobacteriota|Vicinamibacteria|Vicinamibacterales|Vicinamibacteraceae|Luteitalea|Luteitalea pratensis	40.000000
barcode16_120_filtered	33	0.056958	1096341	1096341||Bacillota|Clostridia|Eubacteriales|Clostridiaceae|Fonticella|Fonticella tunisiensis	42.000000
barcode16_120_filtered	34	0.002101	2508949	2508949||Bacillota|Clostridia|Christensenellales|Christensenellaceae|Candidatus Borkfalkia|Candidatus Borkfalkia ceftriaxoniphila	12.000000
barcode16_120_filtered	36	0.010871	36849	36849||Bacillota|Clostridia|Eubacteriales|Clostridiaceae|Oxobacter|Oxobacter pfennigii	13.000000
barcode16_120_filtered	39	0.002189	2014610	2014610||Gemmatimonadota|Gemmatimonadia|Gemmatimonadales|Gemmatimonadaceae|Roseisolibacter|Roseisolibacter agri	13.000000
barcode16_120_filtered	40	0.002801	1332188	1332188||Candidatus Saccharimonadota|Candidatus Saccharimonadia|Candidatus Saccharimonadales|Candidatus Saccharimonadaceae|Candidatus Saccharimonas|Candidatus Saccharimonas aalborgensis	95.000000
barcode16_120_filtered	43	0.000926	2038680	2038680||Bacillota|Clostridia|Eubacteriales|Oscillospiraceae|Paludihabitans|Paludihabitans psychrotolerans	30.000000
barcode16_120_filtered	45	0.031586	29355	29355||Bacillota|Clostridia|Eubacteriales|Oscillospiraceae|Ruminiclostridium|Ruminiclostridium cellobioparum	12.000000
barcode16_120_filtered	48	0.000368	2655001	2655001||Bacillota|Clostridia|Eubacteriales|Eubacteriaceae|Alkalibaculum|Alkalibaculum sporogenes	11.000000
barcode16_120_filtered	51	0.022389	433293	433293||Bacillota|Clostridia|Lachnospirales|Lachnospiraceae|Anaerotaenia|Anaerotaenia torta	61.000000
barcode16_120_filtered	53	0.002348	1960156	1960156||Abditibacteriota|Abditibacteriia|Abditibacteriales|Abditibacteriaceae|Abditibacterium|Abditibacterium utsteinense	113.000000
barcode16_120_filtered	57	0.000485	1367462	1367462||Bacillota|Clostridia|Eubacteriales|Clostridiaceae|Clostridium|Clostridium swellfunianum	11.000000
barcode16_120_filtered	58	0.005165	35830	35830||Bacillota|Clostridia|Eubacteriales|Oscillospiraceae|Acetivibrio|Acetivibrio cellulolyticus	31.000000
barcode16_120_filtered	62	0.036254	2496273	2496273||Bacillota|Clostridia|Caldicoprobacterales|Xylanivirgaceae|Xylanivirga|Xylanivirga thermophila	171.000000
barcode16_120_filtered	63	0.032655	909926;2909234	909926||Pseudomonadota|Alphaproteobacteria|Rhodobacterales|Paracoccaceae|Tabrizicola|Tabrizicola aquatica;2909234||Pseudomonadota|Alphaproteobacteria|Rhodobacterales|Paracoccaceae|Aliitabrizicola|Alitabrizicola rongguiensis	21.000000
barcode16_120_filtered	65	0.000452	111831	111831||Pseudomonadota|Alphaproteobacteria|Rhodospirillales|Rhodospirillaceae|Defluviicoccus|Defluviicoccus vanus	20.000000
barcode16_120_filtered	70	0.001594	758823	758823||Candidatus Melainabacteria|Vampirovibriophyceae|Vampirovibrionales||Vampirovibrio|Vampirovibrio chlorellavorus	74.000000
barcode16_120_filtered	71	0.002328	1678841	1678841||Bacteroidota|Bacteroidia|Bacteroidales|Lentimicrobiaceae|Lentimicrobium|Lentimicrobium saccharophilum	107.000000
barcode16_120_filtered	74	0.002454	1462919	1462919||Bacillota|Clostridia|Lachnospirales|Lachnospiraceae|Mobilitalea|Mobilitalea sibirica	16.000000
barcode16_120_filtered	75	0.027113	2010828	2010828||Bacteroidota|Bacteroidia|Marinilabiliales|Prolixibacteraceae|Aquipluma|Aquipluma nitroreducens	1222.000000
barcode16_120_filtered	78	0.073169	288966	288966||Bacillota|Clostridia|Lutisporales|Lutisporaceae|Lutispora|Lutispora thermophila	3141.000000
barcode16_120_filtered	81	0.001702	1944642	1944642||Bacillota|Clostridia|Eubacteriales|Oscillospiraceae|Marasmitruncus|Marasmitruncus massiliensis	57.000000
barcode16_120_filtered	82	0.013720	130788	130788||Bacillota|Tissierellia|||Sedimentibacter|Sedimentibacter saalensis	445.000000
barcode16_120_filtered	88	0.005191	2507161	2507161||Bacillota|Tissierellia|Tissierellales|Acidilutibacteraceae|Acidilutibacter|Acidilutibacter cellobiosedens	218.000000
barcode16_120_filtered	92	0.000280	360412	360412||Chloroflexota|Anaerolineae|Anaerolineales|Anaerolineaceae|Longilinea|Longilinea arvoryzae	11.000000
barcode16_120_filtered	93	0.002600	2763654	2763654||Bacillota|Clostridia|Christensenellales|Christensenellaceae|Luoshenia|Luoshenia tenuis	22.000000
barcode16_120_filtered	94	0.000489	74312	74312||Pseudomonadota|Alphaproteobacteria|Caulobacterales|Caulobacteraceae|Brevundimonas|Brevundimonas variabilis	14.000000
barcode16_120_filtered	96	0.000366	1639882	1639882||Gemmatimonadota|Longimicrobiia|Longimicrobiales|Longimicrobiaceae|Longimicrobium|Longimicrobium terrae	17.000000
barcode16_120_filtered	98	0.000431	2884263	2884263||Actinomycetota|Acidimicrobiia|Acidimicrobiales|Iamiaceae|Dermatobacter|Dermatobacter hominis	19.000000
barcode16_120_filtered	100	0.000458	365349	365349||Bacillota|Negativicutes|Selenomonadales|Sporomusaceae|Pelosinus|Pelosinus fermentans	21.000000
barcode16_120_filtered	106	0.000840	1337094	1337094||Bacillota|Clostridia|Eubacteriales|Oscillospiraceae|Ercella|Ercella succinigenes	33.000000
barcode16_120_filtered	108	0.001942	3133167	3133167||Bacillota|Clostridia|Eubacteriales|Oscillospiraceae|Faecousia|Faecousia intestinalis	18.000000
barcode16_120_filtered	109	0.001013	1348470	1348470||Pseudomonadota|Alphaproteobacteria|Hyphomonadales|Hyphomonadaceae|Asprobacter|Asprobacter aquaticus	44.000000
barcode17_120_filtered	0	0.000373	84032	84032||Bacillota|Clostridia|Eubacteriales|Clostridiaceae|Clostridium|Clostridium thermosuccinogenes	15.000000
barcode17_120_filtered	3	0.001764	288965	288965||Bacillota|Clostridia|Eubacteriales|Oscillospiraceae|Acetivibrio|Acetivibrio clariflavus	31.000000
barcode17_120_filtered	4	0.001155	1032527	1032527||Verrucomicrobiota|Pedosphaerae|Pedosphaerales|Pedosphaeraceae|Pedosphaera|Pedosphaera parvula	55.000000
barcode17_120_filtered	5	0.009992	394284	394284||Bacillota|Negativicutes|Selenomonadales|Sporomusaceae|Psychrosinus|Psychrosinus fermentans	32.000000
barcode17_120_filtered	6	0.004984	2763673	2763673||Bacillota|Clostridia|Eubacteriales|Oscillospiraceae|Yanshouia|Yanshouia hominis	209.000000
barcode17_120_filtered	7	0.002054	342666	342666||Bacillota|Clostridia|Eubacteriales|Gracilibacteraceae|Gracilibacter|Gracilibacter thermotolerans	16.000000
barcode17_120_filtered	9	0.005681	2590199	2590199||Myxococcota|Myxococcia|Myxococcales|Anaeromyxobacteraceae|Anaeromyxobacter|Anaeromyxobacter diazotrophicus	29.000000
barcode17_120_filtered	11	0.013643	258515	258515||Bacillota|Clostridia|Eubacteriales|Oscillospiraceae|Acetanaerobacterium|Acetanaerobacterium elongatum	599.000000
barcode17_120_filtered	12	0.001198	1860101	1860101||Pseudomonadota|Betaproteobacteria|Rhodocyclales|Rhodocyclaceae|Propionivibrio|Candidatus Propionivibrio aalborgensis	45.000000
barcode17_120_filtered	13	0.006438	2725268	2725268||Mycoplasmatota|Mollicutes|Candidatus Izemoplasmatales|Hujiaoplasmataceae|Hujiaoplasma|Hujiaoplasma nucleasis	293.000000
barcode17_120_filtered	14	0.001245	1379270	1379270||Gemmatimonadota|Gemmatimonadia|Gemmatimonadales|Gemmatimonadaceae|Gemmatimonas|Gemmatimonas phototrophica	52.000000
barcode17_120_filtered	17	0.005315	1537567	1537567||Bacillota|Clostridia|Eubacteriales|Eubacteriales Family XII. Incertae Sedis|Fusibacter|Fusibacter fontis	18.000000
barcode17_120_filtered	21	0.000425	1147123	1147123||Bacillota|Clostridia|Eubacteriales|Clostridiaceae|Caloramator|Caloramator quimbayensis	14.000000
barcode17_120_filtered	23	0.038233	1852363	1852363||Bacillota|Clostridia|Eubacteriales|Beduinellaceae|Beduinella|Beduinella massiliensis	15.000000
barcode17_120_filtered	24	0.000321	474960	474960||Bacillota|Clostridia|Eubacteriales|Oscillospiraceae|Hydrogenoanaerobacterium|Hydrogenoanaerobacterium saccharovorans	12.000000
barcode17_120_filtered	26	0.001989	985	985||Bacteroidota|Cytophagia|Cytophagales|Cytophagaceae|Cytophaga|Cytophaga hutchinsonii	76.000000
barcode17_120_filtered	27	0.009197	1794912	1794912||Bacillota|Negativicutes||Acetonemataceae|Anaerosporomusa|Anaerosporomusa subterranea	393.000000
barcode17_120_filtered	28	0.000406	2963406	2963406||Actinomycetota|Actinomycetes|Micrococcales|Microbacteriaceae|Microcella|Microcella humidisoli	17.000000
barcode17_120_filtered	29	0.009878	44749	44749||Bacillota|Clostridia|Eubacteriales|Oscillospiraceae|Sporobacter|Sporobacter termitidis	66.000000
barcode17_120_filtered	31	0.001198	1855912	1855912||Acidobacteriota|Vicinamibacteria|Vicinamibacterales|Vicinamibacteraceae|Luteitalea|Luteitalea pratensis	53.000000
barcode17_120_filtered	33	0.052688	1096341	1096341||Bacillota|Clostridia|Eubacteriales|Clostridiaceae|Fonticella|Fonticella tunisiensis	22.000000
barcode17_120_filtered	34	0.009968	2508949	2508949||Bacillota|Clostridia|Christensenellales|Christensenellaceae|Candidatus Borkfalkia|Candidatus Borkfalkia ceftriaxoniphila	40.000000
barcode17_120_filtered	39	0.002236	2014610	2014610||Gemmatimonadota|Gemmatimonadia|Gemmatimonadales|Gemmatimonadaceae|Roseisolibacter|Roseisolibacter agri	18.000000
barcode17_120_filtered	40	0.003123	1332188	1332188||Candidatus Saccharimonadota|Candidatus Saccharimonadia|Candidatus Saccharimonadales|Candidatus Saccharimonadaceae|Candidatus Saccharimonas|Candidatus Saccharimonas aalborgensis	104.000000
barcode17_120_filtered	42	0.042663	2941510	2941510||Bacillota|Clostridia|Eubacteriales|Pumilibacteraceae|Pumilibacter|Pumilibacter muris	29.000000
barcode17_120_filtered	43	0.000812	2038680	2038680||Bacillota|Clostridia|Eubacteriales|Oscillospiraceae|Paludihabitans|Paludihabitans psychrotolerans	25.000000
barcode17_120_filtered	45	0.019953	29355	29355||Bacillota|Clostridia|Eubacteriales|Oscillospiraceae|Ruminiclostridium|Ruminiclostridium cellobioparum	10.000000
barcode17_120_filtered	48	0.000492	2655001	2655001||Bacillota|Clostridia|Eubacteriales|Eubacteriaceae|Alkalibaculum|Alkalibaculum sporogenes	19.000000
barcode17_120_filtered	51	0.012149	433293	433293||Bacillota|Clostridia|Lachnospirales|Lachnospiraceae|Anaerotaenia|Anaerotaenia torta	18.000000
barcode17_120_filtered	53	0.002011	1960156	1960156||Abditibacteriota|Abditibacteriia|Abditibacteriales|Abditibacteriaceae|Abditibacterium|Abditibacterium utsteinense	98.000000
barcode17_120_filtered	57	0.000374	1367462	1367462||Bacillota|Clostridia|Eubacteriales|Clostridiaceae|Clostridium|Clostridium swellfunianum	10.000000
barcode17_120_filtered	58	0.004798	35830	35830||Bacillota|Clostridia|Eubacteriales|Oscillospiraceae|Acetivibrio|Acetivibrio cellulolyticus	23.000000
barcode17_120_filtered	60	0.000428	1658620	1658620||Rhodothermota|Rhodothermia|Rhodothermales|Rubricoccaceae|Rubrivirga|Rubrivirga profundi	11.000000
barcode17_120_filtered	62	0.012316	2496273	2496273||Bacillota|Clostridia|Caldicoprobacterales|Xylanivirgaceae|Xylanivirga|Xylanivirga thermophila	60.000000
barcode17_120_filtered	63	0.008004	909926;2909234	909926||Pseudomonadota|Alphaproteobacteria|Rhodobacterales|Paracoccaceae|Tabrizicola|Tabrizicola aquatica;2909234||Pseudomonadota|Alphaproteobacteria|Rhodobacterales|Paracoccaceae|Aliitabrizicola|Alitabrizicola rongguiensis	10.000000
barcode17_120_filtered	65	0.000385	111831	111831||Pseudomonadota|Alphaproteobacteria|Rhodospirillales|Rhodospirillaceae|Defluviicoccus|Defluviicoccus vanus	18.000000
barcode17_120_filtered	70	0.001369	758823	758823||Candidatus Melainabacteria|Vampirovibriophyceae|Vampirovibrionales||Vampirovibrio|Vampirovibrio chlorellavorus	65.000000
barcode17_120_filtered	71	0.001968	1678841	1678841||Bacteroidota|Bacteroidia|Bacteroidales|Lentimicrobiaceae|Lentimicrobium|Lentimicrobium saccharophilum	87.000000
barcode17_120_filtered	74	0.001417	1462919	1462919||Bacillota|Clostridia|Lachnospirales|Lachnospiraceae|Mobilitalea|Mobilitalea sibirica	14.000000
barcode17_120_filtered	75	0.010064	2010828	2010828||Bacteroidota|Bacteroidia|Marinilabiliales|Prolixibacteraceae|Aquipluma|Aquipluma nitroreducens	448.000000
barcode17_120_filtered	78	0.042758	288966	288966||Bacillota|Clostridia|Lutisporales|Lutisporaceae|Lutispora|Lutispora thermophila	1871.000000
barcode17_120_filtered	81	0.001650	1944642	1944642||Bacillota|Clostridia|Eubacteriales|Oscillospiraceae|Marasmitruncus|Marasmitruncus massiliensis	50.000000
barcode17_120_filtered	82	0.009138	130788	130788||Bacillota|Tissierellia|||Sedimentibacter|Sedimentibacter saalensis	278.000000
barcode17_120_filtered	86	0.000367	1244894;1664572	1244894||Pseudomonadota|Alphaproteobacteria|Sphingomonadales|Sphingomonadaceae|Sphingomonas|Sphingomonas fonticola;1664572||Pseudomonadota|Alphaproteobacteria|Sphingomonadales|Sphingomonadaceae|Sphingomonas|Sphingomonas piscinae	15.000000
barcode17_120_filtered	88	0.016113	2507161	2507161||Bacillota|Tissierellia|Tissierellales|Acidilutibacteraceae|Acidilutibacter|Acidilutibacter cellobiosedens	706.000000
barcode17_120_filtered	92	0.000342	360412	360412||Chloroflexota|Anaerolineae|Anaerolineales|Anaerolineaceae|Longilinea|Longilinea arvoryzae	12.000000
barcode17_120_filtered	93	0.001560	2763654	2763654||Bacillota|Clostridia|Christensenellales|Christensenellaceae|Luoshenia|Luoshenia tenuis	16.000000
barcode17_120_filtered	94	0.001063	74312	74312||Pseudomonadota|Alphaproteobacteria|Caulobacterales|Caulobacteraceae|Brevundimonas|Brevundimonas variabilis	41.000000
barcode17_120_filtered	96	0.000342	1639882	1639882||Gemmatimonadota|Longimicrobiia|Longimicrobiales|Longimicrobiaceae|Longimicrobium|Longimicrobium terrae	20.000000
barcode17_120_filtered	98	0.000684	2884263	2884263||Actinomycetota|Acidimicrobiia|Acidimicrobiales|Iamiaceae|Dermatobacter|Dermatobacter hominis	28.000000
barcode17_120_filtered	100	0.000635	365349	365349||Bacillota|Negativicutes|Selenomonadales|Sporomusaceae|Pelosinus|Pelosinus fermentans	12.000000
barcode17_120_filtered	106	0.001390	1337094	1337094||Bacillota|Clostridia|Eubacteriales|Oscillospiraceae|Ercella|Ercella succinigenes	47.000000
barcode17_120_filtered	108	0.001724	3133167	3133167||Bacillota|Clostridia|Eubacteriales|Oscillospiraceae|Faecousia|Faecousia intestinalis	17.000000
barcode17_120_filtered	109	0.001027	1348470	1348470||Pseudomonadota|Alphaproteobacteria|Hyphomonadales|Hyphomonadaceae|Asprobacter|Asprobacter aquaticus	46.000000
barcode18_120_filtered	0	0.000329	84032	84032||Bacillota|Clostridia|Eubacteriales|Clostridiaceae|Clostridium|Clostridium thermosuccinogenes	15.000000
barcode18_120_filtered	3	0.001735	288965	288965||Bacillota|Clostridia|Eubacteriales|Oscillospiraceae|Acetivibrio|Acetivibrio clariflavus	57.000000
barcode18_120_filtered	4	0.000665	1032527	1032527||Verrucomicrobiota|Pedosphaerae|Pedosphaerales|Pedosphaeraceae|Pedosphaera|Pedosphaera parvula	30.000000
barcode18_120_filtered	5	0.013664	394284	394284||Bacillota|Negativicutes|Selenomonadales|Sporomusaceae|Psychrosinus|Psychrosinus fermentans	68.000000
barcode18_120_filtered	6	0.005880	2763673	2763673||Bacillota|Clostridia|Eubacteriales|Oscillospiraceae|Yanshouia|Yanshouia hominis	249.000000
barcode18_120_filtered	7	0.003382	342666	342666||Bacillota|Clostridia|Eubacteriales|Gracilibacteraceae|Gracilibacter|Gracilibacter thermotolerans	19.000000
barcode18_120_filtered	9	0.004035	2590199	2590199||Myxococcota|Myxococcia|Myxococcales|Anaeromyxobacteraceae|Anaeromyxobacter|Anaeromyxobacter diazotrophicus	21.000000
barcode18_120_filtered	11	0.007576	258515	258515||Bacillota|Clostridia|Eubacteriales|Oscillospiraceae|Acetanaerobacterium|Acetanaerobacterium elongatum	333.000000
barcode18_120_filtered	12	0.000834	1860101	1860101||Pseudomonadota|Betaproteobacteria|Rhodocyclales|Rhodocyclaceae|Propionivibrio|Candidatus Propionivibrio aalborgensis	22.000000
barcode18_120_filtered	13	0.005602	2725268	2725268||Mycoplasmatota|Mollicutes|Candidatus Izemoplasmatales|Hujiaoplasmataceae|Hujiaoplasma|Hujiaoplasma nucleasis	252.000000
barcode18_120_filtered	14	0.000979	1379270	1379270||Gemmatimonadota|Gemmatimonadia|Gemmatimonadales|Gemmatimonadaceae|Gemmatimonas|Gemmatimonas phototrophica	38.000000
barcode18_120_filtered	17	0.008803	1537567	1537567||Bacillota|Clostridia|Eubacteriales|Eubacteriales Family XII. Incertae Sedis|Fusibacter|Fusibacter fontis	17.000000
barcode18_120_filtered	21	0.000580	1147123	1147123||Bacillota|Clostridia|Eubacteriales|Clostridiaceae|Caloramator|Caloramator quimbayensis	24.000000
barcode18_120_filtered	23	0.033772	1852363	1852363||Bacillota|Clostridia|Eubacteriales|Beduinellaceae|Beduinella|Beduinella massiliensis	10.000000
barcode18_120_filtered	24	0.000431	474960	474960||Bacillota|Clostridia|Eubacteriales|Oscillospiraceae|Hydrogenoanaerobacterium|Hydrogenoanaerobacterium saccharovorans	19.000000
barcode18_120_filtered	26	0.002165	985	985||Bacteroidota|Cytophagia|Cytophagales|Cytophagaceae|Cytophaga|Cytophaga hutchinsonii	77.000000
barcode18_120_filtered	27	0.009166	1794912	1794912||Bacillota|Negativicutes||Acetonemataceae|Anaerosporomusa|Anaerosporomusa subterranea	391.000000
barcode18_120_filtered	28	0.000322	2963406	2963406||Actinomycetota|Actinomycetes|Micrococcales|Microbacteriaceae|Microcella|Microcella humidisoli	12.000000
barcode18_120_filtered	29	0.006904	44749	44749||Bacillota|Clostridia|Eubacteriales|Oscillospiraceae|Sporobacter|Sporobacter termitidis	27.000000
barcode18_120_filtered	31	0.000794	1855912	1855912||Acidobacteriota|Vicinamibacteria|Vicinamibacterales|Vicinamibacteraceae|Luteitalea|Luteitalea pratensis	36.000000
barcode18_120_filtered	33	0.124793	1096341	1096341||Bacillota|Clostridia|Eubacteriales|Clostridiaceae|Fonticella|Fonticella tunisiensis	50.000000
barcode18_120_filtered	34	0.003634	2508949	2508949||Bacillota|Clostridia|Christensenellales|Christensenellaceae|Candidatus Borkfalkia|Candidatus Borkfalkia ceftriaxoniphila	12.000000
barcode18_120_filtered	40	0.001760	1332188	1332188||Candidatus Saccharimonadota|Candidatus Saccharimonadia|Candidatus Saccharimonadales|Candidatus Saccharimonadaceae|Candidatus Saccharimonas|Candidatus Saccharimonas aalborgensis	55.000000
barcode18_120_filtered	43	0.000962	2038680	2038680||Bacillota|Clostridia|Eubacteriales|Oscillospiraceae|Paludihabitans|Paludihabitans psychrotolerans	32.000000
barcode18_120_filtered	45	0.035004	29355	29355||Bacillota|Clostridia|Eubacteriales|Oscillospiraceae|Ruminiclostridium|Ruminiclostridium cellobioparum	12.000000
barcode18_120_filtered	48	0.000429	2655001	2655001||Bacillota|Clostridia|Eubacteriales|Eubacteriaceae|Alkalibaculum|Alkalibaculum sporogenes	16.000000
barcode18_120_filtered	51	0.018275	433293	433293||Bacillota|Clostridia|Lachnospirales|Lachnospiraceae|Anaerotaenia|Anaerotaenia torta	21.000000
barcode18_120_filtered	53	0.002082	1960156	1960156||Abditibacteriota|Abditibacteriia|Abditibacteriales|Abditibacteriaceae|Abditibacterium|Abditibacterium utsteinense	99.000000
barcode18_120_filtered	57	0.000305	1367462	1367462||Bacillota|Clostridia|Eubacteriales|Clostridiaceae|Clostridium|Clostridium swellfunianum	11.000000
barcode18_120_filtered	58	0.004198	35830	35830||Bacillota|Clostridia|Eubacteriales|Oscillospiraceae|Acetivibrio|Acetivibrio cellulolyticus	22.000000
barcode18_120_filtered	60	0.000537	1658620	1658620||Rhodothermota|Rhodothermia|Rhodothermales|Rubricoccaceae|Rubrivirga|Rubrivirga profundi	13.000000
barcode18_120_filtered	62	0.027888	2496273	2496273||Bacillota|Clostridia|Caldicoprobacterales|Xylanivirgaceae|Xylanivirga|Xylanivirga thermophila	123.000000
barcode18_120_filtered	63	0.007496	909926;2909234	909926||Pseudomonadota|Alphaproteobacteria|Rhodobacterales|Paracoccaceae|Tabrizicola|Tabrizicola aquatica;2909234||Pseudomonadota|Alphaproteobacteria|Rhodobacterales|Paracoccaceae|Aliitabrizicola|Alitabrizicola rongguiensis	10.000000
barcode18_120_filtered	65	0.000300	111831	111831||Pseudomonadota|Alphaproteobacteria|Rhodospirillales|Rhodospirillaceae|Defluviicoccus|Defluviicoccus vanus	14.000000
barcode18_120_filtered	66	0.000279	3036359	3036359||Bacteroidota|Sphingobacteriia|Sphingobacteriales|Aurantibacillaceae|Aurantibacillus|Aurantibacillus circumpalustris	12.000000
barcode18_120_filtered	70	0.002168	758823	758823||Candidatus Melainabacteria|Vampirovibriophyceae|Vampirovibrionales||Vampirovibrio|Vampirovibrio chlorellavorus	103.000000
barcode18_120_filtered	71	0.001803	1678841	1678841||Bacteroidota|Bacteroidia|Bacteroidales|Lentimicrobiaceae|Lentimicrobium|Lentimicrobium saccharophilum	83.000000
barcode18_120_filtered	73	0.003648	642589	642589||Bacillota|Clostridia|Eubacteriales|Acutalibacteraceae|Caproiciproducens|Caproiciproducens galactitolivorans	13.000000
barcode18_120_filtered	74	0.001884	1462919	1462919||Bacillota|Clostridia|Lachnospirales|Lachnospiraceae|Mobilitalea|Mobilitalea sibirica	21.000000
barcode18_120_filtered	75	0.014495	2010828	2010828||Bacteroidota|Bacteroidia|Marinilabiliales|Prolixibacteraceae|Aquipluma|Aquipluma nitroreducens	657.000000
barcode18_120_filtered	78	0.067152	288966	288966||Bacillota|Clostridia|Lutisporales|Lutisporaceae|Lutispora|Lutispora thermophila	2954.000000
barcode18_120_filtered	81	0.001133	1944642	1944642||Bacillota|Clostridia|Eubacteriales|Oscillospiraceae|Marasmitruncus|Marasmitruncus massiliensis	38.000000
barcode18_120_filtered	82	0.010314	130788	130788||Bacillota|Tissierellia|||Sedimentibacter|Sedimentibacter saalensis	308.000000
barcode18_120_filtered	88	0.010839	2507161	2507161||Bacillota|Tissierellia|Tissierellales|Acidilutibacteraceae|Acidilutibacter|Acidilutibacter cellobiosedens	482.000000
barcode18_120_filtered	92	0.000236	360412	360412||Chloroflexota|Anaerolineae|Anaerolineales|Anaerolineaceae|Longilinea|Longilinea arvoryzae	10.000000
barcode18_120_filtered	93	0.001415	2763654	2763654||Bacillota|Clostridia|Christensenellales|Christensenellaceae|Luoshenia|Luoshenia tenuis	17.000000
barcode18_120_filtered	94	0.000944	74312	74312||Pseudomonadota|Alphaproteobacteria|Caulobacterales|Caulobacteraceae|Brevundimonas|Brevundimonas variabilis	27.000000
barcode18_120_filtered	96	0.000386	1639882	1639882||Gemmatimonadota|Longimicrobiia|Longimicrobiales|Longimicrobiaceae|Longimicrobium|Longimicrobium terrae	23.000000
barcode18_120_filtered	98	0.000365	2884263	2884263||Actinomycetota|Acidimicrobiia|Acidimicrobiales|Iamiaceae|Dermatobacter|Dermatobacter hominis	17.000000
barcode18_120_filtered	100	0.000595	365349	365349||Bacillota|Negativicutes|Selenomonadales|Sporomusaceae|Pelosinus|Pelosinus fermentans	12.000000
barcode18_120_filtered	106	0.000880	1337094	1337094||Bacillota|Clostridia|Eubacteriales|Oscillospiraceae|Ercella|Ercella succinigenes	31.000000
barcode18_120_filtered	108	0.001193	3133167	3133167||Bacillota|Clostridia|Eubacteriales|Oscillospiraceae|Faecousia|Faecousia intestinalis	22.000000
barcode18_120_filtered	109	0.000687	1348470	1348470||Pseudomonadota|Alphaproteobacteria|Hyphomonadales|Hyphomonadaceae|Asprobacter|Asprobacter aquaticus	29.000000
barcode18_120_filtered	110	0.000279	2820301	2820301||Bacillota|Clostridia|Eubacteriales|Acutalibacteraceae|Caproiciproducens|Caproiciproducens faecalis	11.000000
barcode18_120_filtered	112	0.000241	2307010	2307010||Bacillota|Clostridia|Lachnospirales|Lachnospiraceae|Candidatus Galacturonatibacter|Candidatus Galacturonatibacter soehngenii	150.000000
