OTU_ID	total_reads	barcode19	barcode20	barcode21	member_count	Kingdom	Phylum	Class	Order	Family	Genus	Species
OTU_48	33450	4777	10128	18545	2		Chlorophyta	Chlorophyceae	Chlamydomonadales	Chlamydomonadaceae	Chlamydomonas	Chlamydomonas reinhardtii
OTU_251	11249	1397	3499	6353	1		Mucoromycota	Glomeromycetes	Diversisporales	Gigasporaceae	Racocetra	Racocetra crispa
OTU_122	10793	1250	3318	6225	1		Chytridiomycota	Chytridiomycetes	Chytridiales	Chytridiaceae	Chytridium	Chytridium olla
OTU_58	10625	586	2570	7468	6		Mucoromycota	Endogonomycetes	Endogonales	Endogonaceae	Vinositunica	Vinositunica ingens
OTU_38	9923	524	2835	6564	26		Ascomycota	Dothideomycetes	Mycosphaerellales	Teratosphaeriaceae	Salinomyces	Salinomyces polonicus
OTU_36	9513	1386	2488	5640	3		Basidiomycota	Tremellomycetes	Tremellales	Cryptococcaceae	Kwoniella	Kwoniella shivajii
OTU_200	6687	687	2186	3814	1		Chytridiomycota	Monoblepharidomycetes	Monoblepharidales	Monoblepharidaceae	Monoblepharis	Monoblepharis macrandra
OTU_301	6110	830	1267	4013	1		Ascomycota	Pichiomycetes	Serinales	Metschnikowiaceae	Metschnikowia	Metschnikowia dekortorum
OTU_284	3852	657	830	2365	1		Ascomycota	Pichiomycetes	Serinales	Metschnikowiaceae	Metschnikowia	Metschnikowia vanudenii
OTU_24	3846	450	866	2530	1		Microsporidia				Mitosporidium	Mitosporidium daphniae
OTU_29	3810	31	2282	1497	8		Basidiomycota	Agaricomycetes	Agaricales	Physalacriaceae	Gloiocephala	Gloiocephala aquatica
OTU_32	3218	693	723	1801	11		Chytridiomycota	Chytridiomycetes	Spizellomycetales	Powellomycetaceae	Fimicolochytrium	Fimicolochytrium jonesii
OTU_222	2945	342	904	1699	1		Mucoromycota	Mortierellomycetes	Mortierellales	Mortierellaceae	Linnemannia	Linnemannia solitaria
OTU_205	2728	114	633	1981	1		Mucoromycota	Glomeromycetes	Diversisporales	Acaulosporaceae	Acaulospora	Acaulospora colombiana
OTU_78	2716	602	617	1498	2		Zoopagomycota	Basidiobolomycetes	Basidiobolales	Basidiobolaceae	Basidiobolus	Basidiobolus magnus
OTU_229	2645	276	915	1454	1		Mucoromycota	Glomeromycetes	Diversisporales	Diversisporaceae	Diversispora	Diversispora spurca
OTU_97	2583	285	1059	1238	5		Ascomycota	Sordariomycetes	Coronophorales	Ceratostomataceae	Dactylidispora	Dactylidispora singaporensis
OTU_0	2468	16	2365	87	7		Basidiomycota	Agaricomycetes	Agaricales	Strophariaceae	Psilocybe	Psilocybe cubensis
OTU_31	2156	197	653	1307	1		Oomycota	Saprolegniomycetes	Saprolegniales	Verrucalvaceae	Aphanomyces	Aphanomyces astaci
OTU_121	1721	218	396	1106	1		Chytridiomycota	Chytridiomycetes		Quaeritorhizaceae	Quaeritorhiza	Quaeritorhiza haematococci
OTU_63	1665	80	454	1131	1		Mucoromycota	Glomeromycetes	Diversisporales	Gigasporaceae	Dentiscutata	Dentiscutata savannicola
OTU_252	1555	346	322	887	1		Basidiomycota	Pucciniomycetes	Pucciniales	Pucciniaceae	Puccinia	Puccinia wiehei
OTU_66	1535	120	445	970	6		Ascomycota	Pichiomycetes	Serinales	Metschnikowiaceae	Danielia	Danielia oregonensis
OTU_62	1352	158	295	898	1		Zoopagomycota	Kickxellomycetes	Kickxellales	Kickxellaceae	Spiromyces	Spiromyces minutus
OTU_188	1350	42	284	1025	2		Basidiomycota	Agaricomycetes	Cantharellales	Hydnaceae	Hydnum	Hydnum pinicola
OTU_231	1340	144	387	809	1		Mucoromycota	Glomeromycetes	Diversisporales	Diversisporaceae	Diversispora	Diversispora aurantia
OTU_25	1329	102	344	883	3		Oomycota	Peronosporomycetes	Peronosporales	Peronosporaceae	Phytophthora	Phytophthora infestans
OTU_41	1128	33	22	1074	1		Ascomycota	Dothideomycetes	Pleosporales	Phaeosphaeriaceae	Parastagonospora	Parastagonospora nodorum
OTU_35	1068	241	217	609	4		Ascomycota	Dipodascomycetes	Dipodascales	Trichomonascaceae	Sugiyamaella	Sugiyamaella lignohabitans
OTU_27	1033	122	262	649	1		Oomycota	Saprolegniomycetes	Saprolegniales	Verrucalvaceae	Aphanomyces	Aphanomyces invadans
OTU_90	786	44	216	525	1		Ascomycota	Pichiomycetes	Serinales	Metschnikowiaceae	Metschnikowia	Metschnikowia laotica
OTU_289	773	145	153	476	1		Ascomycota	Pichiomycetes	Serinales	Debaryomycetaceae	Kodamaea	Kodamaea kakaduensis
OTU_15	685	107	217	362	9		Ascomycota	Dothideomycetes	Hysteriales	Hysteriaceae	Gloniopsis	Gloniopsis calami
OTU_71	683	23	170	491	4		Ascomycota	Pichiomycetes	Serinales	Debaryomycetaceae	Kodamaea	Kodamaea ohmeri
OTU_137	675	39	192	444	1		Basidiomycota	Agaricomycetes	Cantharellales	Hydnaceae	Hydnum	Hydnum reginae
OTU_91	665	117	160	389	1		Ascomycota	Lipomycetes	Lipomycetales	Lipomycetaceae	Lipomyces	Lipomyces oligophaga
OTU_113	661	84	205	372	1		Chytridiomycota	Chytridiomycetes	Gromochytriales	Gromochytriaceae	Gromochytrium	Gromochytrium mamkaevae
OTU_68	624	76	139	408	1		Zoopagomycota	Zoopagomycetes	Zoopagales	Piptocephalidaceae	Piptocephalis	Piptocephalis corymbifera
OTU_303	623	78	221	324	1		Chytridiomycota	Chytridiomycetes	Rhizophydiales	Gorgonomycetaceae	Gorgonomyces	Gorgonomyces thailandicus
OTU_49	588	82	155	351	3		Ascomycota	Dipodascomycetes	Dipodascales	Trichomonascaceae	Wickerhamiella	Wickerhamiella osmotolerans
OTU_294	582	24	152	406	1		Chytridiomycota	Neocallimastigomycetes	Neocallimastigales	Neocallimastigaceae	Buwchfawromyces	Buwchfawromyces eastonii
OTU_44	578	122	200	256	5		Ascomycota	Pichiomycetes	Serinales	Debaryomycetaceae	Yamadazyma	[Candida] blattariae
OTU_77	569	41	195	333	1		Mucoromycota	Glomeromycetes	Archaeosporales	Archaeosporaceae	Archaeospora	Archaeospora ecuadoriana
OTU_118	564	0	108	456	5		Mucoromycota	Mortierellomycetes	Mortierellales	Mortierellaceae	Lobosporangium	Lobosporangium transversale
OTU_88	562	438	45	79	3		Basidiomycota	Pucciniomycetes	Pucciniales	Pucciniastraceae	Pucciniastrum	Pucciniastrum myosotidii
OTU_73	558	33	116	409	5		Basidiomycota	Microbotryomycetes	Sporidiobolales	Sporidiobolaceae	Sporobolomyces	Sporobolomyces beijingensis
OTU_179	507	35	165	306	3		Basidiomycota	Microbotryomycetes	Sporidiobolales	Sporidiobolaceae	Sporobolomyces	Sporobolomyces cellobiolyticus
OTU_46	488	186	142	160	8		Ascomycota	Sordariomycetes	Glomerellales	Australiascaceae	Monilochaetes	Monilochaetes dimorphospora
OTU_116	462	39	96	327	1		Ascomycota	Sordariomycetes	Meliolales	Meliolaceae	Meliola	Meliola pottsiae
OTU_271	456	43	138	275	1		Cryptomycota				Paramicrosporidium	Paramicrosporidium saccamoebae
OTU_197	450	40	101	308	1		Basidiomycota	Pucciniomycetes	Pucciniales	Milesinaceae	Milesina	Milesina woodwardiana
OTU_258	448	43	73	332	1		Mucoromycota	Mortierellomycetes	Mortierellales	Mortierellaceae	Entomortierella	Entomortierella sugadairana
OTU_53	415	0	143	272	4		Ascomycota	Pichiomycetes	Serinales	Metschnikowiaceae	Candidozyma	Candidozyma pseudohaemuli
OTU_216	380	43	95	243	1		Mucoromycota	Glomeromycetes	Diversisporales	Diversisporaceae	Redeckera	Redeckera megalocarpum
OTU_57	371	232	43	97	2		Mucoromycota	Glomeromycetes	Diversisporales	Acaulosporaceae	Acaulospora	Acaulospora cavernata
OTU_296	355	0	102	253	1		Ascomycota	Pichiomycetes	Serinales	Metschnikowiaceae	Candidozyma	Candidozyma khanbhai
OTU_61	346	0	100	246	1		Ascomycota	Pichiomycetes	Pichiales	Pichiaceae	Pichia	[Candida] silvatica
OTU_157	342	0	79	263	1		Basidiomycota	Agaricomycetes	Corticiales	Corticiaceae	Sistotrema	Sistotrema luteoviride
OTU_23	332	13	62	256	1		Zoopagomycota	Kickxellomycetes	Kickxellales	Kickxellaceae	Linderina	Linderina pennispora
OTU_261	330	44	105	180	1		Ascomycota	Saccharomycetes	Phaffomycetales	Phaffomycetaceae	Phaffomyces	[Candida] orba
OTU_72	323	43	100	180	2		Ascomycota	Pichiomycetes	Serinales	Debaryomycetaceae	Danielozyma	Danielozyma litseae
OTU_270	314	0	74	240	3		Ascomycota	Dothideomycetes	Pleosporales	Pleosporaceae	Alternaria	Alternaria sorghi
OTU_84	306	19	72	215	1		Ascomycota				Novakomyces	Novakomyces olei
OTU_42	304	56	125	123	1		Chytridiomycota	Monoblepharidomycetes	Monoblepharidales		Hyaloraphidium	Hyaloraphidium curvatum
OTU_293	302	88	56	158	1		Mucoromycota	Glomeromycetes	Diversisporales	Acaulosporaceae	Acaulospora	Acaulospora laevis
OTU_109	301	52	65	183	1		Ascomycota	Leotiomycetes	Helotiales	Helotiaceae	Dicephalospora	Dicephalospora sessilis
OTU_39	295	29	161	105	1		Basidiomycota	Ustilaginomycetes	Ustilaginales		Kalmanozyma	Kalmanozyma brasiliensis
OTU_176	277	0	126	151	1		Chytridiomycota	Neocallimastigomycetes	Neocallimastigales	Neocallimastigaceae	Feramyces	Feramyces austinii
OTU_60	268	27	115	126	1		Ascomycota	Dipodascomycetes	Dipodascales	Trichomonascaceae	Wickerhamiella	Wickerhamiella galacta
OTU_21	261	45	72	144	1		Blastocladiomycota	Blastocladiomycetes	Blastocladiales	Blastocladiaceae	Allomyces	Allomyces arbusculus
OTU_107	258	59	65	134	2		Ascomycota	Dothideomycetes	Pleosporales	Lentitheciaceae	Darksidea	Darksidea zeta
OTU_52	248	0	64	184	3		Basidiomycota	Tremellomycetes	Cystofilobasidiales	Cystofilobasidiaceae	Cystofilobasidium	Cystofilobasidium macerans
OTU_152	245	0	56	189	1		Basidiomycota	Agaricomycetes	Gomphales	Lentariaceae	Lentaria	Lentaria variabilis
OTU_234	238	28	40	170	1		Zoopagomycota	Basidiobolomycetes	Basidiobolales	Basidiobolaceae	Basidiobolus	Basidiobolus haptosporus
OTU_140	233	0	233	0	1		Basidiomycota	Agaricomycetes	Thelephorales	Thelephoraceae	Tomentella	Tomentella bidoupensis
OTU_104	228	0	47	181	1		Ascomycota	Sordariomycetes	Pleurotheciales	Pleurotheciaceae	Adelosphaeria	Adelosphaeria catenata
OTU_22	227	72	50	105	2		Oomycota	Peronosporomycetes	Peronosporales	Peronosporaceae	Bremia	Bremia lactucae
OTU_130	221	21	72	127	1		Chytridiomycota	Monoblepharidomycetes	Monoblepharidales	Gonapodyaceae	Gonapodya	Gonapodya prolifera
OTU_274	218	24	88	106	1		Chytridiomycota	Chytridiomycetes	Rhizophydiales	Terramycetaceae	Terramyces	Terramyces aquatica
OTU_148	217	0	59	158	1		Ascomycota	Orbiliomycetes	Orbiliales	Orbiliaceae	Orbilia	Orbilia comma
OTU_168	210	0	24	186	4		Ascomycota	Dothideomycetes	Pleosporales	Pleosporaceae	Bipolaris	Bipolaris sivanesaniana
OTU_268	210	72	108	30	1		Basidiomycota	Tremellomycetes	Trichosporonales	Trichosporonaceae	Apiotrichum	Apiotrichum otae
OTU_236	209	74	135	0	2		Basidiomycota	Tremellomycetes	Tremellales	Bulleribasidiaceae	Dioszegia	Dioszegia ovata
OTU_230	204	130	24	50	1		Basidiomycota	Pucciniomycetes	Pucciniales	Sphaerophragmiaceae	Dasyspora	Dasyspora frutescentis
OTU_86	195	17	67	111	3		Ascomycota	Saccharomycetes	Phaffomycetales	Phaffomycetaceae	Cyberlindnera	Cyberlindnera mississippiensis
OTU_194	193	29	62	102	1		Chytridiomycota	Neocallimastigomycetes	Neocallimastigales	Neocallimastigaceae	Piromyces	Piromyces finnis
OTU_182	189	13	31	145	2		Ascomycota	Dothideomycetes	Pleosporales	Pleosporaceae	Curvularia	Curvularia colbranii
OTU_286	187	52	58	77	1		Ascomycota	Pichiomycetes	Serinales	Metschnikowiaceae	Sungouiella	Sungouiella pseudoflosculorum
OTU_165	186	0	30	157	2		Basidiomycota	Tremellomycetes	Filobasidiales	Filobasidiaceae	Filobasidium	Filobasidium globosum
OTU_28	185	0	61	124	3		Ascomycota	Pneumocystomycetes	Pneumocystales	Pneumocystaceae	Pneumocystis	Pneumocystis jirovecii
OTU_102	184	32	0	152	1		Basidiomycota	Atractiellomycetes	Atractiellales	Hoehnelomycetaceae	Atractiella	Atractiella rhizophila
OTU_280	178	14	47	117	1		Basidiomycota	Agaricomycetes	Agaricales		Tricholomopsis	Tricholomopsis osiliensis
OTU_95	174	23	44	107	1		Basidiomycota	Classiculomycetes	Classiculales	Classiculaceae	Classicula	Classicula sinensis
OTU_79	173	0	60	113	1		Ascomycota				Saitoella	Saitoella complicata
OTU_3	171	81	27	63	1		Chytridiomycota	Chytridiomycetes	Spizellomycetales	Spizellomycetaceae	Spizellomyces	Spizellomyces punctatus
OTU_143	169	27	41	100	1		Basidiomycota	Microbotryomycetes		Chrysozymaceae	Trigonosporomyces	Trigonosporomyces hylophilus
OTU_1	164	30	49	85	1		Chlorophyta	Trebouxiophyceae	Chlorellales	Chlorellaceae	Chlorella	Chlorella variabilis
OTU_291	153	0	0	153	1		Ascomycota	Sordariomycetes	Myrmecridiales	Myrmecridiaceae	Myrmecridium	Myrmecridium hiemale
OTU_248	142	66	20	55	1		Ascomycota	Trigonopsidomycetes	Trigonopsidales	Trigonopsidaceae	Tortispora	Tortispora agaves
OTU_83	141	0	44	97	3		Ascomycota	Dothideomycetes	Venturiales	Sympoventuriaceae	Verruconis	Verruconis cylindricalis
OTU_26	140	0	41	99	1		Basidiomycota	Agaricomycetes	Boletales	Pisolithaceae	Pisolithus	Pisolithus orientalis
OTU_163	140	57	28	55	1		Basidiomycota	Agaricomycetes	Russulales	Russulaceae	Lactifluus	Lactifluus chrysocarpus
OTU_82	138	19	24	95	3		Ascomycota	Lipomycetes	Lipomycetales	Lipomycetaceae	Myxozyma	Myxozyma vanderwaltii
OTU_10	135	11	46	78	1		Ascomycota	Dothideomycetes	Mycosphaerellales	Mycosphaerellaceae	Pseudocercospora	Pseudocercospora fijiensis
OTU_132	129	0	45	84	2		Basidiomycota	Microbotryomycetes		Chrysozymaceae	Chrysozyma	Chrysozyma sambuci
OTU_275	129	15	27	86	1		Ascomycota	Dipodascomycetes	Dipodascales	Trichomonascaceae	Starmerella	Starmerella vitae
OTU_187	126	0	40	86	1		Basidiomycota	Tremellomycetes	Filobasidiales	Piskurozymaceae	Solicoccozyma	Solicoccozyma zizaniae
OTU_218	122	0	0	122	1		Ascomycota	Pezizomycetes	Pezizales	Pezizaceae	Terfezia	Terfezia dunensis
OTU_93	118	0	56	62	3		Basidiomycota	Tremellomycetes	Filobasidiales	Filobasidiaceae	Naganishia	Naganishia cerealis
OTU_115	118	33	28	57	1		Ascomycota	Dothideomycetes	Kirschsteiniotheliales	Kirschsteiniotheliaceae	Kirschsteiniothelia	Kirschsteiniothelia puerensis
OTU_170	118	0	28	90	1		Basidiomycota	Pucciniomycetes	Pucciniales	Gymnosporangiaceae	Gymnosporangium	Gymnosporangium przewalskii
OTU_64	112	0	82	30	2		Ascomycota	Saccharomycetes	Phaffomycetales	Phaffomycetaceae	Starmera	[Candida] dendrica
OTU_105	111	0	24	87	1		Olpidiomycota	Olpidiomycetes	Olpidiales	Olpidiaceae	Olpidium	Olpidium brassicae
OTU_40	109	0	0	109	5		Ascomycota	Eurotiomycetes	Onygenales	Gymnoascaceae	Narasimhella	Narasimhella hyalinospora
OTU_74	107	0	22	85	3		Ascomycota	Pichiomycetes	Pichiales	Pichiaceae	Ogataea	Ogataea wickerhamii
OTU_19	104	13	32	58	1		Ascomycota	Sordariomycetes		Atractosporaceae	Atractospora	Atractospora decumbens
OTU_125	104	0	49	56	1		Basidiomycota	Microbotryomycetes	Microbotryales	Ustilentylomataceae	Microbotryozyma	Microbotryozyma swertiae
OTU_232	104	0	0	104	1		Mucoromycota	Glomeromycetes	Glomerales	Glomeraceae	Glomus	Glomus macrocarpum
OTU_212	102	102	0	0	1		Mucoromycota	Glomeromycetes	Diversisporales	Acaulosporaceae	Acaulospora	Acaulospora entreriana
OTU_221	101	0	52	49	1		Basidiomycota	Pucciniomycetes	Pucciniales	Pucciniaceae	Puccinia	Puccinia novopanici
OTU_47	100	0	28	72	1		Bacillariophyta	Bacillariophyceae	Naviculales	Phaeodactylaceae	Phaeodactylum	Phaeodactylum tricornutum
OTU_211	99	0	14	86	1		Chytridiomycota	Chytridiomycetes	Rhizophydiales	Pateramycetaceae	Pateramyces	Pateramyces pingflumenensis
OTU_189	98	0	43	55	1		Basidiomycota	Pucciniomycetes	Pucciniales	Pucciniaceae	Puccinia	Puccinia emaculata
OTU_238	97	0	13	85	1		Chytridiomycota	Chytridiomycetes	Rhizophydiales	Halomycetaceae	Paludomyces	Paludomyces mangrovei
OTU_220	94	0	27	66	1		Chytridiomycota	Chytridiomycetes	Rhizophydiales	Angulomycetaceae	Angulomyces	Angulomyces solicola
OTU_237	92	0	14	78	1		Basidiomycota	Tremellomycetes	Tremellales	Bulleribasidiaceae	Vishniacozyma	Vishniacozyma europaea
OTU_295	89	0	23	67	1		Ascomycota	Pichiomycetes	Serinales	Debaryomycetaceae		[Candida] anutae
OTU_108	86	0	24	62	1		Ascomycota	Dothideomycetes	Pleosporales	Morosphaeriaceae	Clypeoloculus	Clypeoloculus akitaensis
OTU_145	86	0	37	49	1		Basidiomycota	Agaricostilbomycetes	Agaricostilbales	Kondoaceae	Kondoa	Kondoa cylindrica
OTU_51	83	0	0	83	2		Basidiomycota	Ustilaginomycetes	Ustilaginales	Ustilaginaceae	Schizonella	Schizonella caricis-atratae
OTU_264	82	19	0	63	1		Basidiomycota	Tremellomycetes	Tremellales	Bulleribasidiaceae	Hannaella	Hannaella pagnoccae
OTU_112	80	21	22	37	1		Chytridiomycota	Neocallimastigomycetes	Neocallimastigales	Neocallimastigaceae	Pecoramyces	Pecoramyces ruminantium
OTU_196	80	0	36	45	1		Basidiomycota	Cystobasidiomycetes	Cystobasidiales		Begerowomyces	Begerowomyces foliicola
OTU_208	80	0	10	70	1		Basidiomycota	Agaricomycetes	Agaricales	Cortinariaceae	Cortinarius	Cortinarius carranzae
OTU_76	77	77	0	0	1		Ascomycota	Dipodascomycetes	Dipodascales	Trichomonascaceae	Starmerella	Starmerella lactis-condensi
OTU_85	77	15	25	36	1		Mucoromycota		Calcarisporiellales	Calcarisporiellaceae	Calcarisporiella	Calcarisporiella thermophila
OTU_269	77	38	0	39	1		Basidiomycota	Pucciniomycetes	Pucciniales	Phragmidiaceae	Hamaspora	Hamaspora rubi-alceifolii
OTU_195	76	0	0	76	1		Chytridiomycota	Chytridiomycetes	Rhizophydiales	Pateramycetaceae	Pateramyces	Pateramyces corrientinensis
OTU_247	75	0	75	0	1		Basidiomycota	Agaricomycetes	Agaricales	Cortinariaceae	Aureonarius	Aureonarius collybianus
OTU_9	73	14	15	44	1		Zoopagomycota	Kickxellomycetes	Kickxellales	Kickxellaceae	Mycoemilia	Mycoemilia scoparia
OTU_199	72	0	72	0	1		Basidiomycota	Ustilaginomycetes	Urocystidales	Floromycetaceae	Antherospora	Antherospora vindobonensis
OTU_250	72	0	24	48	1		Ascomycota	Dipodascomycetes	Dipodascales	Trichomonascaceae	Starmerella	Starmerella riodocensis
OTU_99	71	0	0	71	2		Ascomycota	Eurotiomycetes	Chaetothyriales	Herpotrichiellaceae	Cladophialophora	Cladophialophora humicola
OTU_4	68	68	0	0	1		Basidiomycota	Pucciniomycetes	Pucciniales	Melampsoraceae	Melampsora	Melampsora laricis-populina
OTU_225	68	0	17	50	1		Chytridiomycota	Chytridiomycetes	Rhizophydiales	Angulomycetaceae	Angulomyces	Angulomyces ubonensis
OTU_34	67	0	24	43	1		Ascomycota	Pichiomycetes	Pichiales	Pichiaceae	Brettanomyces	Brettanomyces bruxellensis
OTU_254	66	0	23	43	1		Basidiomycota	Tremellomycetes	Tremellales	Bulleribasidiaceae	Vishniacozyma	Vishniacozyma pseudopenaeus
OTU_45	65	17	20	28	1		Chytridiomycota	Chytridiomycetes	Synchytriales	Synchytriaceae	Synchytrium	Synchytrium microbalum
OTU_156	65	0	24	41	1		Basidiomycota	Agaricomycetes	Cantharellales	Hydnaceae	Clavulina	Clavulina cinereoglebosa
OTU_263	65	0	22	42	1		Basidiomycota	Tremellomycetes	Tremellales	Tremellaceae	Tremella	Tremella shuangheensis
OTU_161	64	0	0	64	2		Mucoromycota	Mucoromycetes	Mucorales	Mucoraceae	Mucor	Mucor lilianae
OTU_276	64	0	23	41	1		Basidiomycota	Tremellomycetes	Tremellales	Bulleribasidiaceae	Vishniacozyma	Vishniacozyma taibaiensis
OTU_114	60	60	0	0	2		Ascomycota	Sordariomycetes	Phyllachorales	Phyllachoraceae	Phyllachora	Phyllachora sandiensis
OTU_6	59	0	59	0	1		Ascomycota	Sordariomycetes	Glomerellales	Glomerellaceae	Colletotrichum	Colletotrichum higginsianum
OTU_219	59	0	19	41	2		Basidiomycota	Tremellomycetes	Tremellales	Cryptococcaceae	Teunia	Teunia korlaensis
OTU_186	58	0	12	47	1		Ascomycota	Dothideomycetes	Mycosphaerellales	Neodevriesiaceae	Neodevriesia	Neodevriesia hilliana
OTU_191	58	0	18	40	1		Basidiomycota	Cystobasidiomycetes		Symmetrosporaceae	Symmetrospora	Symmetrospora rhododendri
OTU_297	57	0	0	57	2		Ascomycota	Dipodascomycetes	Dipodascales	Dipodascaceae	Geotrichum	Geotrichum europaeum
OTU_96	56	12	20	25	1		Ascomycota	Lecanoromycetes	Ostropales	Stictidaceae	Cyanodermella	Cyanodermella oleoligni
OTU_171	56	0	56	0	1		Basidiomycota	Agaricomycetes	Agaricales	Hymenogastraceae	Gymnopilus	Gymnopilus speciosissimus
OTU_233	55	0	15	40	1		Chytridiomycota	Neocallimastigomycetes	Neocallimastigales	Neocallimastigaceae	Khoyollomyces	Khoyollomyces ramosus
OTU_206	54	0	12	42	1		Zoopagomycota	Basidiobolomycetes	Basidiobolales	Basidiobolaceae	Basidiobolus	Basidiobolus microsporus
OTU_192	53	0	53	0	1		Basidiomycota	Agaricomycetes	Polyporales	Polyporaceae	Trametes	Trametes versicolor
OTU_257	53	0	24	29	1		Basidiomycota	Agaricomycetes	Geastrales	Geastraceae	Geastrum	Geastrum lanuginosum
OTU_193	51	0	51	0	1		Ascomycota	Sordariomycetes	Falcocladiales	Falcocladiaceae	Falcocladium	Falcocladium thailandicum
OTU_56	49	0	18	31	1		Cryptomycota				Rozella	Rozella allomycis
OTU_101	49	0	22	28	1		Basidiomycota	Exobasidiomycetes	Georgefischeriales	Tilletiariaceae	Phragmotaenium	Phragmotaenium fulvescens
OTU_154	49	0	17	32	1		Basidiomycota	Tremellomycetes	Filobasidiales	Filobasidiaceae	Filobasidium	Filobasidium mucilaginum
OTU_54	48	0	48	0	1		Basidiomycota	Malasseziomycetes	Malasseziales	Malasseziaceae	Malassezia	Malassezia restricta
OTU_147	48	0	0	48	1		Ascomycota	Orbiliomycetes	Orbiliales	Orbiliaceae	Orbilia	Orbilia frangulae
OTU_149	47	0	32	15	1		Basidiomycota	Agaricomycetes	Cantharellales	Hydnaceae	Clavulina	Clavulina monodiminutiva
OTU_126	46	0	46	0	1		Basidiomycota	Agaricomycetes	Agaricales	Physalacriaceae	Hymenopellis	Hymenopellis straminea
OTU_175	46	0	46	0	1		Chytridiomycota	Neocallimastigomycetes	Neocallimastigales	Neocallimastigaceae	Anaeromyces	Anaeromyces robustus
OTU_151	45	0	17	28	1		Basidiomycota	Microbotryomycetes		Chrysozymaceae	Chrysozyma	Chrysozyma flava
OTU_12	44	0	0	44	1		Ascomycota	Sordariomycetes	Microascales	Gondwanamycetaceae	Knoxdaviesia	Knoxdaviesia proteae
OTU_133	44	0	12	32	1		Basidiomycota	Microbotryomycetes		Chrysozymaceae	Chrysozyma	Chrysozyma iridis
OTU_18	43	0	21	22	1		Basidiomycota	Agaricostilbomycetes	Agaricostilbales	Chionosphaeraceae	Ballistosporomyces	Ballistosporomyces taupoensis
OTU_159	42	42	0	0	1		Basidiomycota	Agaricomycetes	Agaricales	Inocybaceae	Inocybe	Inocybe phari
OTU_172	42	0	15	27	1		Basidiomycota	Microbotryomycetes	Heitmaniales	Heitmaniaceae	Heitmania	Heitmania tridentata
OTU_127	39	0	39	0	1		Basidiomycota	Agaricomycetes	Agaricales	Nidulariaceae	Cyathus	Cyathus ibericus
OTU_245	39	0	0	39	1		Ascomycota	Pezizomycetes	Pezizales	Pyronemataceae	Otidea	Otidea brunneoparva
OTU_299	39	0	0	39	2		Chytridiomycota	Chytridiomycetes	Rhizophydiales	Gorgonomycetaceae	Gorgonomyces	Gorgonomyces aquaticus
OTU_117	38	0	0	38	1		Ascomycota	Dothideomycetes	Pleosporales	Didymosphaeriaceae	Tremateia	Tremateia thailandensis
OTU_180	38	0	0	38	2		Ascomycota	Dothideomycetes	Pleosporales	Pleosporaceae	Curvularia	Curvularia coatesiae
OTU_178	37	0	22	15	1		Basidiomycota	Agaricomycetes	Gomphales	Lentariaceae	Lentaria	Lentaria gossypina
OTU_124	36	0	25	12	1		Chytridiomycota	Chytridiomycetes	Rhizophydiales	Globomycetaceae	Urceomyces	Urceomyces sphaerocarpus
OTU_259	36	0	36	0	1		Basidiomycota	Agaricomycetes	Auriculariales	Exidiaceae	Basidiodendron	Basidiodendron globisporum
OTU_285	36	0	0	36	1		Ascomycota	Dipodascomycetes	Dipodascales	Trichomonascaceae	Sugiyamaella	Sugiyamaella ayubii
OTU_75	35	35	0	0	1		Ascomycota	Sordariomycetes	Amphisphaeriales	Apiosporaceae	Apiospora	Apiospora aurea
OTU_290	35	0	0	35	1		Chytridiomycota	Chytridiomycetes	Rhizophydiales	Gorgonomycetaceae	Gorgonomyces	Gorgonomyces haynaldii
OTU_94	34	21	13	0	1		Ascomycota	Dipodascomycetes	Dipodascales	Dipodascaceae	Magnusiomyces	Magnusiomyces capitatus
OTU_131	34	0	18	16	1		Basidiomycota	Agaricomycetes	Russulales	Lachnocladiaceae	Vararia	Vararia minispora
OTU_142	34	0	34	0	1		Basidiomycota	Agaricomycetes	Agaricales	Physalacriaceae	Rhizomarasmius	Rhizomarasmius cunninghamietorum
OTU_162	34	0	0	34	1		Ascomycota	Pezizomycetes	Pezizales	Pyronemataceae	Genea	Genea balsleyi
OTU_177	34	0	0	34	1		Basidiomycota	Microbotryomycetes		Chrysozymaceae	Pseudohyphozyma	Pseudohyphozyma lulangensis
OTU_292	33	0	12	21	1		Ascomycota	Pichiomycetes	Serinales	Debaryomycetaceae	Diutina	Diutina scorzettiae
OTU_33	32	0	32	0	1		Chytridiomycota	Chytridiomycetes	Polychytriales		Polychytrium	Polychytrium aggregatum
OTU_67	32	0	32	0	1		Ascomycota	Saccharomycetes	Phaffomycetales	Wickerhamomycetaceae	Wickerhamomyces	Wickerhamomyces xylosivorus
OTU_304	32	0	0	32	1		Ascomycota	Dipodascomycetes	Dipodascales		Yarrowia	Yarrowia yakushimensis
OTU_305	32	0	0	32	1		Ascomycota	Sordariomycetes	Xylariales	Xylariaceae	Thamnomyces	Thamnomyces dendroideus
OTU_306	32	0	15	16	1		Ascomycota	Pichiomycetes	Serinales	Metschnikowiaceae	Metschnikowia	Metschnikowia amazonensis
OTU_65	31	0	0	31	1		Zoopagomycota	Kickxellomycetes	Kickxellales	Kickxellaceae	Spiromyces	Spiromyces aspiralis
OTU_260	30	0	30	0	1		Basidiomycota	Tremellomycetes	Tremellales	Phaeotremellaceae	Phaeotremella	Phaeotremella ovata
OTU_20	29	0	14	15	1		Basidiomycota	Agaricomycetes	Cantharellales	Hydnaceae	Cantharellus	Cantharellus anzutake
OTU_169	29	0	0	29	1		Basidiomycota	Agaricomycetes	Cantharellales	Hydnaceae	Clavulina	Clavulina pakaraimensis
OTU_266	29	0	29	0	1		Basidiomycota	Tremellomycetes	Trichosporonales	Tetragoniomycetaceae	Cryptotrichosporon	Cryptotrichosporon siamense
OTU_288	29	14	14	0	1		Ascomycota	Saccharomycetes	Phaffomycetales	Phaffomycetaceae	Cyberlindnera	Cyberlindnera jadinii
OTU_298	29	0	0	29	2		Ascomycota	Dothideomycetes	Pleosporales	Didymellaceae	Neoascochyta	Neoascochyta soli
OTU_98	28	0	17	12	2		Chytridiomycota	Chytridiomycetes	Lobulomycetales	Lobulomycetaceae	Lobulomyces	Lobulomyces poculatus
OTU_103	28	14	0	14	1		Ascomycota	Dipodascomycetes	Dipodascales	Trichomonascaceae	Deakozyma	Deakozyma indianensis
OTU_128	28	0	14	14	1		Basidiomycota	Agaricostilbomycetes	Agaricostilbales	Chionosphaeraceae	Boekhoutia	Boekhoutia sterigmata
OTU_141	28	0	0	28	1		Basidiomycota	Ustilaginomycetes	Urocystidales	Glomosporiaceae	Thecaphora	Thecaphora australiensis
OTU_153	28	0	13	14	1		Chytridiomycota	Chytridiomycetes	Rhizophydiales		Operculomyces	Operculomyces laminatus
OTU_228	28	0	0	28	1		Ascomycota	Pezizomycetes	Pezizales	Pezizaceae	Terfezia	Terfezia lusitanica
OTU_70	27	0	14	13	1		Chytridiomycota	Chytridiomycetes	Rhizophydiales	Rhizophydiaceae	Rhizophydium	Rhizophydium brooksianum
OTU_11	26	0	12	13	1		Ascomycota	Lipomycetes	Lipomycetales	Lipomycetaceae	Lipomyces	Lipomyces amatsuensis
OTU_174	26	15	0	12	1		Basidiomycota	Pucciniomycetes	Pucciniales	Crossopsoraceae	Stomatisora	Stomatisora psychotriicola
OTU_207	26	0	0	26	1		Chytridiomycota	Chytridiomycetes	Rhizophydiales	Protrudomycetaceae	Protrudomyces	Protrudomyces lateralis
OTU_213	26	0	0	26	1		Basidiomycota	Tremellomycetes	Holtermanniales		Holtermannia	Holtermannia saccardoi
OTU_243	26	0	14	11	1		Chytridiomycota	Chytridiomycetes	Spizellomycetales	Spizellomycetaceae	Triparticalcar	Triparticalcar equi
OTU_144	25	0	0	25	1		Basidiomycota	Agaricomycetes	Cantharellales	Hydnaceae	Clavulina	Clavulina cerebriformis
OTU_262	25	0	0	25	1		Basidiomycota	Agaricomycetes	Agaricales	Hygrophoraceae	Hygrophorus	Hygrophorus mesotephrus
OTU_302	25	0	0	25	1		Chytridiomycota	Chytridiomycetes	Rhizophydiales	Gorgonomycetaceae	Gorgonomyces	Gorgonomyces limnicus
OTU_307	25	0	0	25	1		Ascomycota	Sordariomycetes	Chaetosphaeriales	Chaetosphaeriaceae	Fuscocatenula	Fuscocatenula submersa
OTU_158	24	0	0	24	1		Basidiomycota	Agaricomycetes	Russulales	Russulaceae	Lactarius	Lactarius taedae
OTU_173	24	0	24	0	1		Basidiomycota	Tremellomycetes	Filobasidiales	Piskurozymaceae	Piskurozyma	Piskurozyma stramentorum
OTU_17	23	0	0	23	1		Ascomycota	Sordariomycetes	Xylariales	Leptosilliaceae	Leptosillia	Leptosillia macrospora
OTU_214	23	0	23	0	1		Basidiomycota	Agaricomycetes	Sistotremastrales	Sistotremastraceae	Sistotremastrum	Sistotremastrum vigilans
OTU_224	23	0	13	10	1		Basidiomycota	Agaricomycetes	Agaricales	Amanitaceae	Amanita	Amanita chepangianoides
OTU_239	23	0	0	23	1		Ascomycota	Leotiomycetes	Chaetomellales	Chaetomellaceae	Chaetomella	Chaetomella zambiensis
OTU_100	22	0	0	22	1		Basidiomycota	Dacrymycetes	Dacrymycetales	Dacrymycetaceae	Dacrymyces	Dacrymyces venustus
OTU_183	22	0	0	22	1		Basidiomycota	Cystobasidiomycetes	Cystobasidiales	Microsporomycetaceae	Microsporomyces	Microsporomyces ellipsoideus
OTU_184	22	0	0	22	1		Ascomycota	Eurotiomycetes	Eurotiales	Aspergillaceae	Aspergillus	Aspergillus noonimiae
OTU_201	22	0	0	22	1		Basidiomycota	Cystobasidiomycetes	Cystobasidiales		Robertozyma	Robertozyma ningxiaensis
OTU_210	22	0	0	22	1		Basidiomycota	Agaricomycetes	Cantharellales	Hydnaceae	Hydnum	Hydnum subberkeleyanum
OTU_223	22	0	0	22	1		Ascomycota	Dothideomycetes	Pleosporales	Pleosporaceae	Curvularia	Curvularia tuberculata
OTU_2	21	0	0	21	1		Ascomycota	Eurotiomycetes	Eurotiales	Trichocomaceae	Thermomyces	Thermomyces dupontii
OTU_204	21	0	0	21	1		Basidiomycota	Agaricomycetes	Cantharellales	Hydnaceae	Hydnum	Hydnum minospororufescens
OTU_209	21	0	0	21	1		Ascomycota	Dothideomycetes	Pleosporales	Pleosporaceae	Exserohilum	Exserohilum minor
OTU_241	21	0	0	21	1		Ascomycota	Leotiomycetes	Helotiales	Cordieritidaceae	Annabella	Annabella australiensis
OTU_43	20	20	0	0	1		Ascomycota	Sordariomycetes	Glomerellales	Glomerellaceae	Colletotrichum	Colletotrichum abscissum
OTU_119	20	0	0	20	1		Ascomycota	Sordariomycetes	Hypocreales	Ophiocordycipitaceae	Paraisaria	Paraisaria alba
OTU_155	20	0	20	0	1		Chytridiomycota	Chytridiomycetes	Rhizophydiales	Alphamycetaceae	Alphamyces	Alphamyces chaetifer
OTU_202	20	0	0	20	1		Basidiomycota	Agaricomycetes	Agaricales	Amanitaceae	Amanita	Amanita vernicoccora
OTU_217	20	0	20	0	1		Basidiomycota	Agaricomycetes	Agaricales	Inocybaceae	Inocybe	Inocybe viscata
OTU_55	19	0	0	19	1		Chytridiomycota	Chytridiomycetes	Rhizophydiales	Terramycetaceae	Boothiomyces	Boothiomyces macroporosus
OTU_69	19	0	0	19	1		Ascomycota	Dipodascomycetes	Dipodascales	Dipodascaceae	Geotrichum	Geotrichum fermentans
OTU_123	19	0	19	0	1		Ascomycota	Sordariomycetes	Falcocladiales	Falcocladiaceae	Falcocladium	Falcocladium turbinatum
OTU_146	19	0	0	19	1		Basidiomycota	Agaricostilbomycetes	Agaricostilbales	Kondoaceae	Bensingtonia	Bensingtonia pseudorectispora
OTU_150	19	0	19	0	1		Basidiomycota	Agaricomycetes	Boletales	Rhizopogonaceae	Rhizopogon	Rhizopogon arctostaphyli
OTU_198	19	0	0	19	1		Basidiomycota	Agaricomycetes	Corticiales	Corticiaceae	Sistotrema	Sistotrema chloroporum
OTU_253	19	0	19	0	1		Basidiomycota	Tremellomycetes	Trichosporonales	Trichosporonaceae	Vanrija	Vanrija nantouana
OTU_281	19	0	0	19	1		Basidiomycota	Agaricomycetes	Thelephorales	Thelephoraceae	Neosarcodon	Neosarcodon umbilicatus
OTU_129	18	0	0	18	1		Ascomycota	Saccharomycetes	Saccharomycetales	Saccharomycetaceae	Arxiozyma	Arxiozyma pintolopesii
OTU_167	18	0	18	0	1		Mucoromycota	Mucoromycetes	Mucorales	Lichtheimiaceae	Circinella	Circinella lacrymispora
OTU_190	18	0	0	18	1		Basidiomycota	Agaricomycetes	Cantharellales	Hydnaceae	Hydnum	Hydnum itachiharitake
OTU_244	18	0	0	18	1		Ascomycota	Sporopachydermiomycetes	Sporopachydermiales	Sporopachydermiaceae	Sporopachydermia	Sporopachydermia quercuum
OTU_249	18	0	0	18	1		Basidiomycota	Tremellomycetes	Tremellales	Rhynchogastremaceae	Papiliotrema	Papiliotrema zeae
OTU_255	18	0	0	18	1		Chytridiomycota	Chytridiomycetes	Rhizophydiales	Aquamycetaceae	Aquamyces	Aquamyces chlorogonii
OTU_265	18	18	0	0	1		Ascomycota	Sordariomycetes	Glomerellales	Plectosphaerellaceae	Plectosphaerella	Plectosphaerella niemeijerarum
OTU_278	18	0	0	18	1		Basidiomycota	Tremellomycetes	Tremellales	Bulleribasidiaceae	Bulleribasidium	Bulleribasidium cremeum
OTU_111	17	0	0	17	1		Ascomycota	Pezizomycetes	Pezizales	Pyronemataceae	Octospora	Octospora oscarii
OTU_277	17	0	0	17	1		Ascomycota	Dothideomycetes	Pleosporales	Leptosphaeriaceae	Leptosphaeria	Leptosphaeria irregularis
OTU_300	17	0	0	17	1		Ascomycota	Pichiomycetes	Serinales	Debaryomycetaceae	Kodamaea	Kodamaea nitidulidarum
OTU_13	16	0	0	16	1		Ascomycota	Dothideomycetes	Mycosphaerellales	Teratosphaeriaceae	Pseudoteratosphaeria	Pseudoteratosphaeria ohnowa
OTU_37	16	0	16	0	1		Basidiomycota	Agaricostilbomycetes	Agaricostilbales	Kondoaceae	Kondoa	Kondoa yuccicola
OTU_80	16	16	0	0	1		Ascomycota	Sordariomycetes	Glomerellales	Plectosphaerellaceae	Chordomyces	Chordomyces antarcticum
OTU_87	16	0	16	0	1		Ascomycota	Pichiomycetes	Serinales	Debaryomycetaceae	Diutina	Diutina rugosa
OTU_106	16	0	0	16	1		Ascomycota	Sordariomycetes	Hypocreales	Ophiocordycipitaceae	Pleurocordyceps	Pleurocordyceps ophiocordycipiticola
OTU_160	16	0	0	16	1		Basidiomycota	Agaricostilbomycetes	Agaricostilbales	Kondoaceae	Kondoa	Kondoa ribitophobia
OTU_164	16	0	0	16	1		Basidiomycota	Microbotryomycetes		Chrysozymaceae	Oberwinklerozyma	Oberwinklerozyma dicranopteridis
OTU_215	16	0	0	16	1		Mucoromycota	Glomeromycetes	Glomerales	Glomeraceae		
OTU_256	16	0	16	0	1		Basidiomycota	Agaricomycetes	Boletales	Boletaceae	Octaviania	Octaviania nonae
OTU_272	16	0	0	16	1		Basidiomycota	Tremellomycetes	Trichosporonales	Trichosporonaceae	Apiotrichum	Apiotrichum cacaoliposimile
OTU_273	16	0	0	16	1		Basidiomycota	Tremellomycetes	Tremellales	Bulleribasidiaceae	Bulleribasidium	Bulleribasidium setariae
OTU_7	15	0	15	0	1		Basidiomycota	Ustilaginomycetes	Ustilaginales	Ustilaginaceae	Pseudozyma	Pseudozyma pruni
OTU_136	15	0	0	15	1		Basidiomycota	Microbotryomycetes		Chrysozymaceae	Chrysozyma	Chrysozyma fusiformis
OTU_138	15	0	0	15	1		Basidiomycota	Agaricomycetes	Agaricales	Entolomataceae	Lulesia	Lulesia alachuana
OTU_185	15	0	0	15	1		Mucoromycota	Umbelopsidomycetes	Umbelopsidales	Umbelopsidaceae	Umbelopsis	Umbelopsis curvata
OTU_246	15	0	0	15	1		Basidiomycota	Agaricomycetes	Auriculariales	Exidiaceae	Basidiodendron	Basidiodendron parile
OTU_59	14	0	14	0	1		Chytridiomycota	Chytridiomycetes	Rhizophydiales	Kappamycetaceae	Kappamyces	Kappamyces laurelensis
OTU_89	14	0	0	14	1		Ascomycota	Pichiomycetes	Serinales	Metschnikowiaceae	Metschnikowia	Metschnikowia rancensis
OTU_139	14	14	0	0	1		Basidiomycota	Pucciniomycetes	Pucciniales	Pucciniaceae	Puccinia	Puccinia setariae
OTU_166	14	0	14	0	1		Basidiomycota	Microbotryomycetes	Heitmaniales	Heitmaniaceae	Heitmania	Heitmania cylindrica
OTU_181	14	0	0	14	1		Basidiomycota	Cystobasidiomycetes	Cystobasidiales	Microsporomycetaceae	Microsporomyces	Microsporomyces rubellus
OTU_227	14	0	0	14	1		Ascomycota	Dothideomycetes	Venturiales	Sympoventuriaceae	Neocoleroa	Neocoleroa metrosideri
OTU_279	14	0	0	14	1		Mucoromycota	Glomeromycetes	Glomerales	Glomeraceae	Funneliformis	Funneliformis pilosus
OTU_282	14	0	0	14	1		Ascomycota	Dothideomycetes	Pleosporales	Didymellaceae	Neoascochyta	Neoascochyta cylindrispora
OTU_8	13	0	0	13	1		Ascomycota	Eurotiomycetes	Sclerococcales	Dactylosporaceae	Rhopalophora	Rhopalophora clavispora
OTU_14	13	0	0	13	1		Ascomycota	Sordariomycetes	Hypocreales	Ophiocordycipitaceae	Hirsutella	Hirsutella rhossiliensis
OTU_30	13	0	0	13	1		Bacillariophyta	Coscinodiscophyceae	Thalassiosirales	Thalassiosiraceae	Thalassiosira	Thalassiosira pseudonana
OTU_50	13	13	0	0	1		Mucoromycota	Glomeromycetes	Paraglomerales	Paraglomeraceae	Paraglomus	Paraglomus occultum
OTU_81	13	0	0	13	1		Ascomycota	Dothideomycetes	Pleosporales	Pleosporaceae	Exserohilum	Exserohilum turcicum
OTU_92	13	0	0	13	1		Basidiomycota	Tremellomycetes	Tremellales	Tremellaceae	Tremella	Tremella tropica
OTU_135	13	0	0	13	1		Ascomycota	Leotiomycetes	Helotiales		Mastigosporium	Mastigosporium album
OTU_203	13	0	13	0	1		Basidiomycota	Agaricomycetes	Agaricales	Psathyrellaceae	Psathyrella	Psathyrella ochrofulva
OTU_226	13	0	13	0	1		Chytridiomycota	Chytridiomycetes	Rhizophydiales	Alphamycetaceae	Alphamyces	Alphamyces thailandicus
OTU_16	12	0	0	12	1		Ascomycota	Eurotiomycetes	Eurotiales	Trichocomaceae	Sagenomella	Sagenomella diversispora
OTU_120	12	0	0	12	1		Basidiomycota	Agaricomycetes	Agaricales	Entolomataceae	Entoloma	Entoloma dichroides
OTU_235	12	0	12	0	1		Chytridiomycota	Chytridiomycetes	Rhizophlyctidales	Sonoraphlyctidaceae	Sonoraphlyctis	Sonoraphlyctis ranzonii
OTU_240	12	0	12	0	1		Ascomycota	Sordariomycetes	Microascales	Ceratocystidaceae	Berkeleyomyces	Berkeleyomyces basicola
OTU_283	12	0	0	12	1		Basidiomycota	Tremellomycetes	Tremellales	Bulleribasidiaceae	Bulleribasidium	Bulleribasidium wuzhishanense
OTU_5	11	0	0	11	1		Ascomycota	Lipomycetes	Lipomycetales	Lipomycetaceae	Lipomyces	Lipomyces sakishimensis
OTU_110	11	11	0	0	1		Ascomycota	Leotiomycetes	Helotiales	Mollisiaceae	Neomollisia	Neomollisia gelatinosa
OTU_242	11	0	0	11	1		Basidiomycota	Tremellomycetes	Tremellales	Bulleribasidiaceae	Dioszegia	Dioszegia maotaiensis
OTU_267	11	0	0	11	1		Ascomycota	Sordariomycetes	Coronophorales	Ceratostomataceae	Microthecium	Microthecium ciliatum
OTU_287	11	0	0	11	1		Ascomycota	Pichiomycetes	Serinales	Debaryomycetaceae	Spathaspora	Spathaspora passalidarum
OTU_134	10	0	10	0	1		Basidiomycota	Microbotryomycetes		Chrysozymaceae	Chrysozyma	Chrysozyma sorbariae
