sample_id	tax_id	abundance	species	genus	family	order	class	phylum	clade	superkingdom	subspecies	species_subgroup	species_group	estimated_counts
barcode19	564305	0.046941048544617586	Kwoniella shivajii	Kwoniella	Cryptococcaceae	Tremellales	Tremellomycetes	Basidiomycota	Opisthokonta					485.41738299989044
barcode19	329884	0.004833379408806023	Friedmanniomyces simplex	Friedmanniomyces	Teratosphaeriaceae	Mycosphaerellales	Dothideomycetes	Ascomycota	Opisthokonta					49.98197646646309
barcode19	1548888	0.004021296389961163	Pucciniastrum myosotidii	Pucciniastrum	Pucciniastraceae	Pucciniales	Pucciniomycetes	Basidiomycota	Opisthokonta					41.584225968588385
barcode19	2558025	0.0016397093266500803	Milesina woodwardiana	Milesina	Milesinaceae	Pucciniales	Pucciniomycetes	Basidiomycota	Opisthokonta					16.95623414688848
barcode19	1485682	0.01949843373438661	Mitosporidium daphniae	Mitosporidium				Microsporidia	Opisthokonta					201.63330324729193
barcode19	419775	0.0017623786082955485	Durotheca rogersii	Durotheca	Xylariaceae	Xylariales	Sordariomycetes	Ascomycota	Opisthokonta					18.224757188384267
barcode19	693156	0.013349608976464599	Chytridium olla	Chytridium	Chytridiaceae	Chytridiales	Chytridiomycetes	Chytridiomycota	Opisthokonta					138.0483064256204
barcode19	2704023	0.0048672202693582035	Jimgerdemannia ambigua	Jimgerdemannia	Endogonaceae	Endogonales	Endogonomycetes	Mucoromycota	Opisthokonta					50.33192480543318
barcode19	2929137	0.006728351324454387	Phyllachora sandiensis	Phyllachora	Phyllachoraceae	Phyllachorales	Sordariomycetes	Ascomycota	Opisthokonta					69.57788104618281
barcode19	2544971	0.0014730547955231666	Neomollisia gelatinosa	Neomollisia	Mollisiaceae	Helotiales	Leotiomycetes	Ascomycota	Opisthokonta					15.232859640505065
barcode19	61418	0.0036979025464771668	Spiromyces minutus	Spiromyces	Kickxellaceae	Kickxellales	Kickxellomycetes	Zoopagomycota	Opisthokonta					38.24001023312038
barcode19	78917	0.001805491343247617	Piptocephalis corymbifera	Piptocephalis	Piptocephalidaceae	Zoopagales	Zoopagomycetes	Zoopagomycota	Opisthokonta					18.670585980523608
barcode19	45792	0.00247544583424158	Lipomyces oligophaga	Lipomyces	Lipomycetaceae	Lipomycetales	Lipomycetes	Ascomycota	Opisthokonta					25.59858537189218
barcode19	78545	0.0033073282407292235	Acaulospora laevis	Acaulospora	Acaulosporaceae	Diversisporales	Glomeromycetes	Mucoromycota	Opisthokonta					34.2010813373809
barcode19	308927	0.005706776071540817	Diversispora spurca	Diversispora	Diversisporaceae	Diversisporales	Glomeromycetes	Mucoromycota	Opisthokonta					59.013771355803584
barcode19	2650714	0.001015499796144769	Diversispora aurantia	Diversispora	Diversisporaceae	Diversisporales	Glomeromycetes	Mucoromycota	Opisthokonta					10.501283391933057
barcode19	1972599	0.0011476379497845715	Racocetra crispa	Racocetra	Gigasporaceae	Diversisporales	Glomeromycetes	Mucoromycota	Opisthokonta					11.867724038722253
barcode19	2943438	0.002439422478937705	Hydnum reginae	Hydnum	Hydnaceae	Cantharellales	Agaricomycetes	Basidiomycota	Opisthokonta					25.226067854694808
barcode19	324621	0.0034115116198439478	Jimgerdemannia lactiflua	Jimgerdemannia	Endogonaceae	Endogonales	Endogonomycetes	Mucoromycota	Opisthokonta					35.278441660806266
barcode19	82268	0.003950461319009505	Hyaloraphidium curvatum	Hyaloraphidium		Monoblepharidales	Monoblepharidomycetes	Chytridiomycota	Opisthokonta					40.851720499877295
barcode19	4860	0.005940959544945339	Basidiobolus magnus	Basidiobolus	Basidiobolaceae	Basidiobolales	Basidiobolomycetes	Zoopagomycota	Opisthokonta					61.435462654279746
barcode19	382531	0.0024115503281087252	Protrudomyces lateralis	Protrudomyces	Protrudomycetaceae	Rhizophydiales	Chytridiomycetes	Chytridiomycota	Opisthokonta					24.937841942972327
barcode19	1123529	0.010185042379550254	Gonapodya prolifera	Gonapodya	Gonapodyaceae	Monoblepharidales	Monoblepharidomycetes	Chytridiomycota	Opisthokonta					105.32352324692918
barcode19	150278	0.002043553386839911	Monoblepharis macrandra	Monoblepharis	Monoblepharidaceae	Monoblepharidales	Monoblepharidomycetes	Chytridiomycota	Opisthokonta					21.132385573311517
barcode19	109760	0.009013108477944707	Spizellomyces punctatus	Spizellomyces	Spizellomycetaceae	Spizellomycetales	Chytridiomycetes	Chytridiomycota	Opisthokonta					93.20455477042621
barcode19	42068	0.0046682226893674985	Pneumocystis jirovecii	Pneumocystis	Pneumocystaceae	Pneumocystales	Pneumocystomycetes	Ascomycota	Opisthokonta					48.2740908307493
barcode19	417184	0.002778902471859238	Mycoemilia scoparia	Mycoemilia	Kickxellaceae	Kickxellales	Kickxellomycetes	Zoopagomycota	Opisthokonta					28.736630461496382
barcode19	1904436	0.003161445256190851	Puccinia wiehei	Puccinia	Pucciniaceae	Pucciniales	Pucciniomycetes	Basidiomycota	Opisthokonta					32.69250539426959
barcode19	1396493	0.00716399376644383	Fimicolochytrium jonesii	Fimicolochytrium	Powellomycetaceae	Spizellomycetales	Chytridiomycetes	Chytridiomycota	Opisthokonta					74.08285953879565
barcode19	1134076	0.0032077624045739363	Geranomyces tanneri	Geranomyces	Powellomycetaceae	Spizellomycetales	Chytridiomycetes	Chytridiomycota	Opisthokonta					33.17147102569908
barcode19	4754	0.0018960350981551506	Pneumocystis carinii	Pneumocystis	Pneumocystaceae	Pneumocystales	Pneumocystomycetes	Ascomycota	Opisthokonta					19.606898950022412
barcode19	2544956	0.0019007127673624786	Dicephalospora sessilis	Dicephalospora	Helotiaceae	Helotiales	Leotiomycetes	Ascomycota	Opisthokonta					19.65527072729539
barcode19	2564015	0.0011604294236237749	Pseudosclerococcum golindoi	Pseudosclerococcum	Dactylosporaceae	Sclerococcales	Eurotiomycetes	Ascomycota	Opisthokonta					12.000000669693456
barcode19	2704025	0.002608577299728262	Vinositunica ingens	Vinositunica	Endogonaceae	Endogonales	Endogonomycetes	Mucoromycota	Opisthokonta					26.97529785648996
barcode19	2364998	0.0017160917020828076	Absidia panacisoli	Absidia	Cunninghamellaceae	Mucorales	Mucoromycetes	Mucoromycota	Opisthokonta					17.746104291238314
barcode19	1987568	0.001939573814725867	Pecoramyces ruminantium	Pecoramyces	Neocallimastigaceae	Neocallimastigales	Neocallimastigomycetes	Chytridiomycota	Opisthokonta					20.05713281808019
barcode19	1806994	0.0020538914487063984	Synchytrium microbalum	Synchytrium	Synchytriaceae	Synchytriales	Chytridiomycetes	Chytridiomycota	Opisthokonta					21.239291471072864
barcode19	1431946	0.0023559225016113643	Pseudoteratosphaeria ohnowa	Pseudoteratosphaeria	Teratosphaeriaceae	Mycosphaerellales	Dothideomycetes	Ascomycota	Opisthokonta					24.36259458916312
barcode19	1571505	0.0023366947351492772	Darksidea zeta	Darksidea	Lentitheciaceae	Pleosporales	Dothideomycetes	Ascomycota	Opisthokonta					24.163760256178676
barcode19	281851	0.0015472391494660953	Microallomyces dendroideus	Microallomyces	Blastocladiaceae	Blastocladiales	Blastocladiomycetes	Blastocladiomycota	Opisthokonta					16.00000004462889
barcode19	1961804	0.0009826524446987714	Superstratomyces atroviridis	Superstratomyces	Superstratomycetaceae	Superstratomycetales	Dothideomycetes	Ascomycota	Opisthokonta					10.161608930629995
barcode20	564305	0.050490405709011414	Kwoniella shivajii	Kwoniella	Cryptococcaceae	Tremellales	Tremellomycetes	Basidiomycota	Opisthokonta					1057.370076358117
barcode20	693156	0.012245173146002927	Chytridium olla	Chytridium	Chytridiaceae	Chytridiales	Chytridiomycetes	Chytridiomycota	Opisthokonta					256.4384160235933
barcode20	45792	0.001174340197302416	Lipomyces oligophaga	Lipomyces	Lipomycetaceae	Lipomycetales	Lipomycetes	Ascomycota	Opisthokonta					24.593032411907195
barcode20	61395	0.0010383926371239321	Linderina pennispora	Linderina	Kickxellaceae	Kickxellales	Kickxellomycetes	Zoopagomycota	Opisthokonta					21.746018606649386
barcode20	1485682	0.01344576662686406	Mitosporidium daphniae	Mitosporidium				Microsporidia	Opisthokonta					281.58124469978713
barcode20	82268	0.0019588826865383296	Hyaloraphidium curvatum	Hyaloraphidium		Monoblepharidales	Monoblepharidomycetes	Chytridiomycota	Opisthokonta					41.022921221485696
barcode20	463800	0.0016777309090328615	Kwoniella mangrovensis	Kwoniella	Cryptococcaceae	Tremellales	Tremellomycetes	Basidiomycota	Opisthokonta					35.135040696966186
barcode20	2924977	0.00500898106562086	Homophron helvolescens	Homophron	Psathyrellaceae	Agaricales	Agaricomycetes	Basidiomycota	Opisthokonta					104.89808147623205
barcode20	1972599	0.0010023857870021693	Racocetra crispa	Racocetra	Gigasporaceae	Diversisporales	Glomeromycetes	Mucoromycota	Opisthokonta					20.991963151399432
barcode20	308927	0.004766470228028707	Diversispora spurca	Diversispora	Diversisporaceae	Diversisporales	Glomeromycetes	Mucoromycota	Opisthokonta					99.81941951537718
barcode20	2991561	0.0008633811327878147	Linnemannia solitaria	Linnemannia	Mortierellaceae	Mortierellales	Mortierellomycetes	Mucoromycota	Opisthokonta					18.080927682842415
barcode20	382531	0.002785657557002068	Protrudomyces lateralis	Protrudomyces	Protrudomycetaceae	Rhizophydiales	Chytridiomycetes	Chytridiomycota	Opisthokonta					58.337240558737314
barcode20	150278	0.00143751214876285	Monoblepharis macrandra	Monoblepharis	Monoblepharidaceae	Monoblepharidales	Monoblepharidomycetes	Chytridiomycota	Opisthokonta					30.104379419391606
barcode20	1123529	0.010673409847246306	Gonapodya prolifera	Gonapodya	Gonapodyaceae	Monoblepharidales	Monoblepharidomycetes	Chytridiomycota	Opisthokonta					223.52254902103215
barcode20	2588764	0.0016380717377467463	Archaeospora ecuadoriana	Archaeospora	Archaeosporaceae	Archaeosporales	Glomeromycetes	Mucoromycota	Opisthokonta					34.30449833189236
barcode20	2943438	0.004976653876212668	Hydnum reginae	Hydnum	Hydnaceae	Cantharellales	Agaricomycetes	Basidiomycota	Opisthokonta					104.22108547564568
barcode20	2170546	0.0009386528730400061	Feramyces austinii	Feramyces	Neocallimastigaceae	Neocallimastigales	Neocallimastigomycetes	Chytridiomycota	Opisthokonta					19.657268467203806
barcode20	2059809	0.0014887789061930213	Devonomyces endophyticus	Devonomyces	Mycosphaerellaceae	Mycosphaerellales	Dothideomycetes	Ascomycota	Opisthokonta					31.17800785349425
barcode20	84275	0.0016698069797939689	Cercospora kikuchii	Cercospora	Mycosphaerellaceae	Mycosphaerellales	Dothideomycetes	Ascomycota	Opisthokonta					34.969097770845295
barcode20	372061	0.002093571471754139	Lepidosphaeria nicotiae	Lepidosphaeria	Testudinaceae	Pleosporales	Dothideomycetes	Ascomycota	Opisthokonta					43.84357376147518
barcode20	134358	0.0010109423073466908	Westerdykella cylindrica	Westerdykella	Sporormiaceae	Pleosporales	Dothideomycetes	Ascomycota	Opisthokonta					21.171153800454398
barcode20	78917	0.001259651965886368	Piptocephalis corymbifera	Piptocephalis	Piptocephalidaceae	Zoopagales	Zoopagomycetes	Zoopagomycota	Opisthokonta					26.37963146959232
barcode20	61418	0.002477844096553525	Spiromyces minutus	Spiromyces	Kickxellaceae	Kickxellales	Kickxellomycetes	Zoopagomycota	Opisthokonta					51.89101107002392
barcode20	2201245	0.0031105752369179466	Metschnikowia laotica	Metschnikowia	Metschnikowiaceae	Serinales	Pichiomycetes	Ascomycota	Opisthokonta					65.14166661153564
barcode20	299329	0.0010214200921720288	Metschnikowia vanudenii	Metschnikowia	Metschnikowiaceae	Serinales	Pichiomycetes	Ascomycota	Opisthokonta					21.390579570266627
barcode20	1987568	0.001448241177622674	Pecoramyces ruminantium	Pecoramyces	Neocallimastigaceae	Neocallimastigales	Neocallimastigomycetes	Chytridiomycota	Opisthokonta					30.32906674177404
barcode20	2558025	0.0009499916110928925	Milesina woodwardiana	Milesina	Milesinaceae	Pucciniales	Pucciniomycetes	Basidiomycota	Opisthokonta					19.894724319507354
barcode20	1208333	0.001256781510074933	Dentiscutata savannicola	Dentiscutata	Gigasporaceae	Diversisporales	Glomeromycetes	Mucoromycota	Opisthokonta					26.319518383989248
barcode20	2654861	0.00095700514142409	Quaeritorhiza haematococci	Quaeritorhiza	Quaeritorhizaceae		Chytridiomycetes	Chytridiomycota	Opisthokonta					20.041601671703294
barcode20	2704023	0.003135722415588721	Jimgerdemannia ambigua	Jimgerdemannia	Endogonaceae	Endogonales	Endogonomycetes	Mucoromycota	Opisthokonta					65.668298827259
barcode20	324621	0.0017373967595600568	Jimgerdemannia lactiflua	Jimgerdemannia	Endogonaceae	Endogonales	Endogonomycetes	Mucoromycota	Opisthokonta					36.38456293870671
barcode20	1396493	0.004326137417129233	Fimicolochytrium jonesii	Fimicolochytrium	Powellomycetaceae	Spizellomycetales	Chytridiomycetes	Chytridiomycota	Opisthokonta					90.59796978952039
barcode20	1134076	0.0006547396632267715	Geranomyces tanneri	Geranomyces	Powellomycetaceae	Spizellomycetales	Chytridiomycetes	Chytridiomycota	Opisthokonta					13.711558027295048
barcode20	1396496	0.001971281915226959	Thoreauomyces humboldtii	Thoreauomyces	Powellomycetaceae	Spizellomycetales	Chytridiomycetes	Chytridiomycota	Opisthokonta					41.28258586868297
barcode20	4860	0.002178452820289319	Basidiobolus magnus	Basidiobolus	Basidiobolaceae	Basidiobolales	Basidiobolomycetes	Zoopagomycota	Opisthokonta					45.62115896249892
barcode20	423455	0.0010333619010533175	Basidiobolus heterosporus	Basidiobolus	Basidiobolaceae	Basidiobolales	Basidiobolomycetes	Zoopagomycota	Opisthokonta					21.640664931858574
barcode20	27376	0.0014872472903159637	Acaulospora colombiana	Acaulospora	Acaulosporaceae	Diversisporales	Glomeromycetes	Mucoromycota	Opisthokonta					31.145932753796913
barcode20	2822381	0.0009354483978459754	Hydnum pinicola	Hydnum	Hydnaceae	Cantharellales	Agaricomycetes	Basidiomycota	Opisthokonta					19.590160347690418
barcode20	174643	0.0008903211748308503	Metschnikowia dekortorum	Metschnikowia	Metschnikowiaceae	Serinales	Pichiomycetes	Ascomycota	Opisthokonta					18.645106043307667
barcode20	45553	0.0018954803927839917	Wickerhamiella galacta	Wickerhamiella	Trichomonascaceae	Dipodascales	Dipodascomycetes	Ascomycota	Opisthokonta					39.69515038568235
barcode20	1929756	0.0019188432400314148	Desarmillaria tabescens	Desarmillaria	Physalacriaceae	Agaricales	Agaricomycetes	Basidiomycota	Opisthokonta					40.18441513273789
barcode20	292281	0.00899779694422292	Gloiocephala aquatica	Gloiocephala	Physalacriaceae	Agaricales	Agaricomycetes	Basidiomycota	Opisthokonta					188.43186360591636
barcode20	109895	0.0012615177636754612	Powellomyces hirtus	Powellomyces	Powellomycetaceae	Spizellomycetales	Chytridiomycetes	Chytridiomycota	Opisthokonta					26.418705006891507
barcode20	329884	0.0015161894601176983	Friedmanniomyces simplex	Friedmanniomyces	Teratosphaeriaceae	Mycosphaerellales	Dothideomycetes	Ascomycota	Opisthokonta					31.75203967378484
barcode20	2564015	0.0007146519357508754	Pseudosclerococcum golindoi	Pseudosclerococcum	Dactylosporaceae	Sclerococcales	Eurotiomycetes	Ascomycota	Opisthokonta					14.966240838494832
barcode20	2544956	0.00124030466344216	Dicephalospora sessilis	Dicephalospora	Helotiaceae	Helotiales	Leotiomycetes	Ascomycota	Opisthokonta					25.974460261805714
barcode20	1571505	0.0009995301759071148	Darksidea zeta	Darksidea	Lentitheciaceae	Pleosporales	Dothideomycetes	Ascomycota	Opisthokonta					20.9321609438468
barcode20	42068	0.0027487951752505745	Pneumocystis jirovecii	Pneumocystis	Pneumocystaceae	Pneumocystales	Pneumocystomycetes	Ascomycota	Opisthokonta					57.56526856009753
barcode20	1075838	0.0014595170652922957	Archaeorhizomyces finlayi	Archaeorhizomyces	Archaeorhizomycetaceae	Archaeorhizomycetales	Archaeorhizomycetes	Ascomycota	Opisthokonta					30.565206381351256
barcode20	62132	0.0017321890763730846	Capnobotryella renispora	Capnobotryella	Teratosphaeriaceae	Mycosphaerellales	Dothideomycetes	Ascomycota	Opisthokonta					36.27550363740514
barcode20	4754	0.001576351236111785	Pneumocystis carinii	Pneumocystis	Pneumocystaceae	Pneumocystales	Pneumocystomycetes	Ascomycota	Opisthokonta					33.011947586653
barcode20	1431946	0.0010634672946833277	Pseudoteratosphaeria ohnowa	Pseudoteratosphaeria	Teratosphaeriaceae	Mycosphaerellales	Dothideomycetes	Ascomycota	Opisthokonta					22.271132085258248
barcode20	417184	0.001468063403404896	Mycoemilia scoparia	Mycoemilia	Kickxellaceae	Kickxellales	Kickxellomycetes	Zoopagomycota	Opisthokonta					30.744183794105332
barcode20	181762	0.005251493394102977	Psilocybe cubensis	Psilocybe	Strophariaceae	Agaricales	Agaricomycetes	Basidiomycota	Opisthokonta					109.97677465930455
barcode20	5322	0.0013895081403952811	Pleurotus ostreatus	Pleurotus	Pleurotaceae	Agaricales	Agaricomycetes	Basidiomycota	Opisthokonta					29.09907947615798
barcode20	68401	0.0007262712848077577	Spiromyces aspiralis	Spiromyces	Kickxellaceae	Kickxellales	Kickxellomycetes	Zoopagomycota	Opisthokonta					15.209573246444062
barcode20	1246581	0.0021287850173672363	Paramicrosporidium saccamoebae	Paramicrosporidium				Cryptomycota	Opisthokonta					44.58101583370466
barcode20	2704025	0.0034333793783450596	Vinositunica ingens	Vinositunica	Endogonaceae	Endogonales	Endogonomycetes	Mucoromycota	Opisthokonta					71.90183094130224
barcode20	2704021	0.0008297532640798957	Endogone botryocarpus	Endogone	Endogonaceae	Endogonales	Endogonomycetes	Mucoromycota	Opisthokonta					17.376692856361174
barcode20	1115089	0.0019186805522839064	Clavulina cinereoglebosa	Clavulina	Hydnaceae	Cantharellales	Agaricomycetes	Basidiomycota	Opisthokonta					40.181008125929566
barcode20	1904436	0.0008262491499012896	Puccinia wiehei	Puccinia	Pucciniaceae	Pucciniales	Pucciniomycetes	Basidiomycota	Opisthokonta					17.303309697232805
barcode20	442443	0.0009045445954841644	Cortinarius carranzae	Cortinarius	Cortinariaceae	Agaricales	Agaricomycetes	Basidiomycota	Opisthokonta					18.942972918629373
barcode20	2494426	0.0006621694084141146	Lentaria gossypina	Lentaria	Lentariaceae	Gomphales	Agaricomycetes	Basidiomycota	Opisthokonta					13.867151751008388
barcode20	1806994	0.001142384339702922	Synchytrium microbalum	Synchytrium	Synchytriaceae	Synchytriales	Chytridiomycetes	Chytridiomycota	Opisthokonta					23.92381284205859
barcode20	70189	0.0007702959595197881	Olpidium brassicae	Olpidium	Olpidiaceae	Olpidiales	Olpidiomycetes	Olpidiomycota	Opisthokonta					16.131537984263403
barcode20	2810478	0.0007695844981005969	Salinomyces polonicus	Salinomyces	Teratosphaeriaceae	Mycosphaerellales	Dothideomycetes	Ascomycota	Opisthokonta					16.1166385592227
barcode21	564305	0.026462323102990067	Kwoniella shivajii	Kwoniella	Cryptococcaceae	Tremellales	Tremellomycetes	Basidiomycota	Opisthokonta					721.865711926466
barcode21	693156	0.012864739431764603	Chytridium olla	Chytridium	Chytridiaceae	Chytridiales	Chytridiomycetes	Chytridiomycota	Opisthokonta					350.9372269591066
barcode21	308927	0.0050993175085232816	Diversispora spurca	Diversispora	Diversisporaceae	Diversisporales	Glomeromycetes	Mucoromycota	Opisthokonta					139.1042823150066
barcode21	1972599	0.0008379459550869979	Racocetra crispa	Racocetra	Gigasporaceae	Diversisporales	Glomeromycetes	Mucoromycota	Opisthokonta					22.858327708818216
barcode21	2991561	0.0005791112239140463	Linnemannia solitaria	Linnemannia	Mortierellaceae	Mortierellales	Mortierellomycetes	Mucoromycota	Opisthokonta					15.797575077151269
barcode21	1396493	0.005277880074841892	Fimicolochytrium jonesii	Fimicolochytrium	Powellomycetaceae	Spizellomycetales	Chytridiomycetes	Chytridiomycota	Opisthokonta					143.97529056161196
barcode21	936130	0.0015918603483412294	Pisolithus orientalis	Pisolithus	Pisolithaceae	Boletales	Agaricomycetes	Basidiomycota	Opisthokonta					43.4243584424004
barcode21	2588764	0.003006235011070592	Archaeospora ecuadoriana	Archaeospora	Archaeosporaceae	Archaeosporales	Glomeromycetes	Mucoromycota	Opisthokonta					82.00708486699467
barcode21	463800	0.001066669494661218	Kwoniella mangrovensis	Kwoniella	Cryptococcaceae	Tremellales	Tremellomycetes	Basidiomycota	Opisthokonta					29.097677144863365
barcode21	1485682	0.027931935611112672	Mitosporidium daphniae	Mitosporidium				Microsporidia	Opisthokonta					761.9552715355426
barcode21	78917	0.0019363848923952477	Piptocephalis corymbifera	Piptocephalis	Piptocephalidaceae	Zoopagales	Zoopagomycetes	Zoopagomycota	Opisthokonta					52.82264347964996
barcode21	61418	0.0049681363074905805	Spiromyces minutus	Spiromyces	Kickxellaceae	Kickxellales	Kickxellomycetes	Zoopagomycota	Opisthokonta					135.52579033203554
barcode21	61395	0.0015344591097841485	Linderina pennispora	Linderina	Kickxellaceae	Kickxellales	Kickxellomycetes	Zoopagomycota	Opisthokonta					41.85851005580179
barcode21	2059809	0.001907489628148386	Devonomyces endophyticus	Devonomyces	Mycosphaerellaceae	Mycosphaerellales	Dothideomycetes	Ascomycota	Opisthokonta					52.034409566259825
barcode21	5499	0.001615881954343936	Fulvia fulva	Fulvia	Mycosphaerellaceae	Mycosphaerellales	Dothideomycetes	Ascomycota	Opisthokonta					44.07964383254823
barcode21	1431932	0.0009236672378716434	Amycosphaerella africana	Amycosphaerella	Mycosphaerellaceae	Mycosphaerellales	Dothideomycetes	Ascomycota	Opisthokonta					25.19671858190056
barcode21	470064	0.0005216126889692575	Toxicocladosporium irritans	Toxicocladosporium	Cladosporiaceae	Cladosporiales	Dothideomycetes	Ascomycota	Opisthokonta					14.229072542392375
barcode21	372061	0.005382141224291636	Lepidosphaeria nicotiae	Lepidosphaeria	Testudinaceae	Pleosporales	Dothideomycetes	Ascomycota	Opisthokonta					146.81943045745152
barcode21	162394	0.0010677083153841154	Dothidea sambuci	Dothidea	Dothideaceae	Dothideales	Dothideomycetes	Ascomycota	Opisthokonta					29.126015135363286
barcode21	62132	0.0025562242915043013	Capnobotryella renispora	Capnobotryella	Teratosphaeriaceae	Mycosphaerellales	Dothideomycetes	Ascomycota	Opisthokonta					69.73124244794583
barcode21	13684	0.005823735055661093	Parastagonospora nodorum	Parastagonospora	Phaeosphaeriaceae	Pleosporales	Dothideomycetes	Ascomycota	Opisthokonta					158.86566858337895
barcode21	1075838	0.0015949926207591252	Archaeorhizomyces finlayi	Archaeorhizomyces	Archaeorhizomycetaceae	Archaeorhizomycetales	Archaeorhizomycetes	Ascomycota	Opisthokonta					43.50980370168818
barcode21	329884	0.002325695323021421	Friedmanniomyces simplex	Friedmanniomyces	Teratosphaeriaceae	Mycosphaerellales	Dothideomycetes	Ascomycota	Opisthokonta					63.442642716701336
barcode21	5491	0.0010144821748788765	Helenozyma melibiosica	Helenozyma	Metschnikowiaceae	Serinales	Pichiomycetes	Ascomycota	Opisthokonta					27.674059248520873
barcode21	54193	0.0007318891758033131	[Candida] silvatica	Pichia	Pichiaceae	Pichiales	Pichiomycetes	Ascomycota	Opisthokonta					19.965204826738578
barcode21	45553	0.0010768465813006582	Wickerhamiella galacta	Wickerhamiella	Trichomonascaceae	Dipodascales	Dipodascomycetes	Ascomycota	Opisthokonta					29.375297891300654
barcode21	2943438	0.005529660430912409	Hydnum reginae	Hydnum	Hydnaceae	Cantharellales	Agaricomycetes	Basidiomycota	Opisthokonta					150.8436068948596
barcode21	2494425	0.0006026457859736633	Lentaria variabilis	Lentaria	Lentariaceae	Gomphales	Agaricomycetes	Basidiomycota	Opisthokonta					16.439574395575562
barcode21	1115089	0.0017969814797579862	Clavulina cinereoglebosa	Clavulina	Hydnaceae	Cantharellales	Agaricomycetes	Basidiomycota	Opisthokonta					49.019857786318106
barcode21	2558025	0.0014271262538534792	Milesina woodwardiana	Milesina	Milesinaceae	Pucciniales	Pucciniomycetes	Basidiomycota	Opisthokonta					38.93057707886906
barcode21	2704023	0.009730922736326756	Jimgerdemannia ambigua	Jimgerdemannia	Endogonaceae	Endogonales	Endogonomycetes	Mucoromycota	Opisthokonta					265.4498413242576
barcode21	2704024	0.001881211262222437	Vinositunica radiata	Vinositunica	Endogonaceae	Endogonales	Endogonomycetes	Mucoromycota	Opisthokonta					51.31756202216586
barcode21	2704025	0.006426213750452834	Vinositunica ingens	Vinositunica	Endogonaceae	Endogonales	Endogonomycetes	Mucoromycota	Opisthokonta					175.30068489860284
barcode21	82268	0.0038098290635269474	Hyaloraphidium curvatum	Hyaloraphidium		Monoblepharidales	Monoblepharidomycetes	Chytridiomycota	Opisthokonta					103.9283270239516
barcode21	324621	0.00486032065803023	Jimgerdemannia lactiflua	Jimgerdemannia	Endogonaceae	Endogonales	Endogonomycetes	Mucoromycota	Opisthokonta					132.58468723040664
barcode21	134358	0.002540703252434343	Westerdykella cylindrica	Westerdykella	Sporormiaceae	Pleosporales	Dothideomycetes	Ascomycota	Opisthokonta					69.30784402315645
barcode21	423455	0.002062506043717398	Basidiobolus heterosporus	Basidiobolus	Basidiobolaceae	Basidiobolales	Basidiobolomycetes	Zoopagomycota	Opisthokonta					56.263102366566905
barcode21	68401	0.0024884149207685443	Spiromyces aspiralis	Spiromyces	Kickxellaceae	Kickxellales	Kickxellomycetes	Zoopagomycota	Opisthokonta					67.88147062364511
barcode21	4860	0.004005231919306812	Basidiobolus magnus	Basidiobolus	Basidiobolaceae	Basidiobolales	Basidiobolomycetes	Zoopagomycota	Opisthokonta					109.25872152677051
barcode21	34475	0.0038393228089158575	Rhodofomes roseus	Rhodofomes	Fomitopsidaceae	Polyporales	Agaricomycetes	Basidiomycota	Opisthokonta					104.73288690441568
barcode21	2925860	0.0020259907144668677	Hyphodermella pallidostraminea	Hyphodermella	Phanerochaetaceae	Polyporales	Agaricomycetes	Basidiomycota	Opisthokonta					55.26700069994168
barcode21	442443	0.0005427976915817975	Cortinarius carranzae	Cortinarius	Cortinariaceae	Agaricales	Agaricomycetes	Basidiomycota	Opisthokonta					14.806978228659855
barcode21	1778415	0.001100152207180171	Mortierella calciphila	Mortierella	Mortierellaceae	Mortierellales	Mortierellomycetes	Mucoromycota	Opisthokonta					30.011052059667886
barcode21	979731	0.0005714308335810457	Mortierella polygonia	Mortierella	Mortierellaceae	Mortierellales	Mortierellomycetes	Mucoromycota	Opisthokonta					15.588061709257346
barcode21	1987568	0.002595185710809273	Pecoramyces ruminantium	Pecoramyces	Neocallimastigaceae	Neocallimastigales	Neocallimastigomycetes	Chytridiomycota	Opisthokonta					70.79407100516616
barcode21	1396496	0.0029517852374784342	Thoreauomyces humboldtii	Thoreauomyces	Powellomycetaceae	Spizellomycetales	Chytridiomycetes	Chytridiomycota	Opisthokonta					80.52174949317421
barcode21	1134076	0.0005787435941297916	Geranomyces tanneri	Geranomyces	Powellomycetaceae	Spizellomycetales	Chytridiomycetes	Chytridiomycota	Opisthokonta					15.787546504266587
barcode21	261099	0.0012245102364728323	Boothiomyces macroporosus	Boothiomyces	Terramycetaceae	Rhizophydiales	Chytridiomycetes	Chytridiomycota	Opisthokonta					33.40341474074239
barcode21	911321	0.0007748720994639501	Calcarisporiella thermophila	Calcarisporiella	Calcarisporiellaceae	Calcarisporiellales		Mucoromycota	Opisthokonta					21.137736001277094
barcode21	1431946	0.0027237851275538545	Pseudoteratosphaeria ohnowa	Pseudoteratosphaeria	Teratosphaeriaceae	Mycosphaerellales	Dothideomycetes	Ascomycota	Opisthokonta					74.30213449454159
barcode21	5580	0.0007340986919754047	Aureobasidium pullulans	Aureobasidium	Saccotheciaceae	Dothideales	Dothideomycetes	Ascomycota	Opisthokonta					20.025478218397065
barcode21	417184	0.0042479171196402885	Mycoemilia scoparia	Mycoemilia	Kickxellaceae	Kickxellales	Kickxellomycetes	Zoopagomycota	Opisthokonta					115.87893110666742
barcode21	42068	0.005961989413535489	Pneumocystis jirovecii	Pneumocystis	Pneumocystaceae	Pneumocystales	Pneumocystomycetes	Ascomycota	Opisthokonta					162.6371092118346
barcode21	2035830	0.0011380802686185043	Berkeleyomyces rouxiae	Berkeleyomyces	Ceratocystidaceae	Microascales	Sordariomycetes	Ascomycota	Opisthokonta					31.045691647644176
barcode21	2697669	0.000565285701146726	Paraisaria alba	Paraisaria	Ophiocordycipitaceae	Hypocreales	Sordariomycetes	Ascomycota	Opisthokonta					15.420428641581537
barcode21	299329	0.0006184176865041667	Metschnikowia vanudenii	Metschnikowia	Metschnikowiaceae	Serinales	Pichiomycetes	Ascomycota	Opisthokonta					16.869816070147163
barcode21	150278	0.0017705460042787753	Monoblepharis macrandra	Monoblepharis	Monoblepharidaceae	Monoblepharidales	Monoblepharidomycetes	Chytridiomycota	Opisthokonta					48.29872445072071
barcode21	1123529	0.013534756635422873	Gonapodya prolifera	Gonapodya	Gonapodyaceae	Monoblepharidales	Monoblepharidomycetes	Chytridiomycota	Opisthokonta					369.21462625770056
barcode21	382531	0.0037229844698719867	Protrudomyces lateralis	Protrudomyces	Protrudomycetaceae	Rhizophydiales	Chytridiomycetes	Chytridiomycota	Opisthokonta					101.55929335363793
barcode21	2810478	0.0013533413381405178	Salinomyces polonicus	Salinomyces	Teratosphaeriaceae	Mycosphaerellales	Dothideomycetes	Ascomycota	Opisthokonta					36.917798363135184
barcode21	64571	0.000874485416222751	Lobosporangium transversale	Lobosporangium	Mortierellaceae	Mortierellales	Mortierellomycetes	Mucoromycota	Opisthokonta					23.855087669140424
barcode21	2991538	0.0007710785129381568	Entomortierella sugadairana	Entomortierella	Mortierellaceae	Mortierellales	Mortierellomycetes	Mucoromycota	Opisthokonta					21.03425075443998
barcode21	1873960	0.0008365454329757753	Pseudocercospora fijiensis	Pseudocercospora	Mycosphaerellaceae	Mycosphaerellales	Dothideomycetes	Ascomycota	Opisthokonta					22.820122866146175
barcode21	109760	0.001331087249728463	Spizellomyces punctatus	Spizellomyces	Spizellomycetaceae	Spizellomycetales	Chytridiomycetes	Chytridiomycota	Opisthokonta					36.31072908534274
barcode21	109895	0.0007666895068774255	Powellomyces hirtus	Powellomyces	Powellomycetaceae	Spizellomycetales	Chytridiomycetes	Chytridiomycota	Opisthokonta					20.914523058109292
barcode21	4754	0.002908090808738294	Pneumocystis carinii	Pneumocystis	Pneumocystaceae	Pneumocystales	Pneumocystomycetes	Ascomycota	Opisthokonta					79.32980917157192
barcode21	263815	0.0013330720489488433	Pneumocystis murina	Pneumocystis	Pneumocystaceae	Pneumocystales	Pneumocystomycetes	Ascomycota	Opisthokonta					36.36487242327549
barcode21	1208333	0.0018422183954649712	Dentiscutata savannicola	Dentiscutata	Gigasporaceae	Diversisporales	Glomeromycetes	Mucoromycota	Opisthokonta					50.25387560988895
barcode21	174643	0.0011984301253525017	Metschnikowia dekortorum	Metschnikowia	Metschnikowiaceae	Serinales	Pichiomycetes	Ascomycota	Opisthokonta					32.69197538949089
barcode21	1282988	0.001143068984808248	Synchaetomella acerina	Synchaetomella	Chaetomellaceae	Chaetomellales	Leotiomycetes	Ascomycota	Opisthokonta					31.1817788365842
barcode21	266073	0.0008685708011077138	Pilidium acerinum	Pilidium	Chaetomellaceae	Chaetomellales	Leotiomycetes	Ascomycota	Opisthokonta					23.693742883417325
barcode21	40221	0.001412873065713815	Symbiotaphrina kochii	Symbiotaphrina	Symbiotaphrinaceae	Symbiotaphrinales		Ascomycota	Opisthokonta					38.541764359607164
barcode21	1246581	0.0032069755194907433	Paramicrosporidium saccamoebae	Paramicrosporidium				Cryptomycota	Opisthokonta					87.48308519618799
barcode21	1904436	0.0019932694834807695	Puccinia wiehei	Puccinia	Pucciniaceae	Pucciniales	Pucciniomycetes	Basidiomycota	Opisthokonta					54.37439823987191
barcode21	45792	0.0022032248389969155	Lipomyces oligophaga	Lipomyces	Lipomycetaceae	Lipomycetales	Lipomycetes	Ascomycota	Opisthokonta					60.10177038299686
barcode21	2544956	0.002418889549821262	Dicephalospora sessilis	Dicephalospora	Helotiaceae	Helotiales	Leotiomycetes	Ascomycota	Opisthokonta					65.98488802957421
barcode21	1986177	0.0016716443937483715	Parafenestella mackenziei	Parafenestella	Cucurbitariaceae	Pleosporales	Dothideomycetes	Ascomycota	Opisthokonta					45.600787417061824
barcode21	1571505	0.001936198982096817	Darksidea zeta	Darksidea	Lentitheciaceae	Pleosporales	Dothideomycetes	Ascomycota	Opisthokonta					52.81757203261907
barcode21	1303431	0.0013593918709320998	Clypeoloculus akitaensis	Clypeoloculus	Morosphaeriaceae	Pleosporales	Dothideomycetes	Ascomycota	Opisthokonta					37.08285084715675
barcode21	2704583	0.0008018704350830809	Darksidea phi	Darksidea	Lentitheciaceae	Pleosporales	Dothideomycetes	Ascomycota	Opisthokonta					21.874223598631364
barcode21	3016851	0.0004347768200427632	Pleurocordyceps ophiocordycipiticola	Pleurocordyceps	Ophiocordycipitaceae	Hypocreales	Sordariomycetes	Ascomycota	Opisthokonta					11.860276873946537
barcode21	2654861	0.0010522348478556353	Quaeritorhiza haematococci	Quaeritorhiza	Quaeritorhizaceae		Chytridiomycetes	Chytridiomycota	Opisthokonta					28.703914414653877
barcode21	1134077	0.0010233577464297309	Geranomyces michiganensis	Geranomyces	Powellomycetaceae	Spizellomycetales	Chytridiomycetes	Chytridiomycota	Opisthokonta					27.916175964856627
barcode21	2564015	0.001399010492043742	Pseudosclerococcum golindoi	Pseudosclerococcum	Dactylosporaceae	Sclerococcales	Eurotiomycetes	Ascomycota	Opisthokonta					38.16360721246124
barcode21	1903024	0.0010064447963569008	Gloniopsis calami	Gloniopsis	Hysteriaceae	Hysteriales	Dothideomycetes	Ascomycota	Opisthokonta					27.454807599819897
barcode21	2978459	0.0006958034107523821	Kirschsteiniothelia puerensis	Kirschsteiniothelia	Kirschsteiniotheliaceae	Kirschsteiniotheliales	Dothideomycetes	Ascomycota	Opisthokonta					18.98082124191423
barcode21	796027	0.0007885446317242893	Sugiyamaella lignohabitans	Sugiyamaella	Trichomonascaceae	Dipodascales	Dipodascomycetes	Ascomycota	Opisthokonta					21.510709008806888
barcode21	2201245	0.0015854079536727311	Metschnikowia laotica	Metschnikowia	Metschnikowiaceae	Serinales	Pichiomycetes	Ascomycota	Opisthokonta					43.24834356823843
barcode21	27376	0.0010397458467014127	Acaulospora colombiana	Acaulospora	Acaulosporaceae	Diversisporales	Glomeromycetes	Mucoromycota	Opisthokonta					28.363226952167835
barcode21	2704021	0.0011713810575350824	Endogone botryocarpus	Endogone	Endogonaceae	Endogonales	Endogonomycetes	Mucoromycota	Opisthokonta					31.954103868499512
barcode21	5599	0.0005047412966864116	Alternaria alternata	Alternaria	Pleosporaceae	Pleosporales	Dothideomycetes	Ascomycota	Opisthokonta				Alternaria alternata complex	13.768837832308622
barcode21	1395665	0.001010611683213495	Alogomyces tanneri	Alogomyces	Lobulomycetaceae	Lobulomycetales	Chytridiomycetes	Chytridiomycota	Opisthokonta					27.568476106380928
barcode21	70189	0.0013044484969189662	Olpidium brassicae	Olpidium	Olpidiaceae	Olpidiales	Olpidiomycetes	Olpidiomycota	Opisthokonta					35.58405054745248
barcode21	1806994	0.0008133042370342212	Synchytrium microbalum	Synchytrium	Synchytriaceae	Synchytriales	Chytridiomycetes	Chytridiomycota	Opisthokonta					22.18612628205652
barcode21	979690	0.0012215426360507613	Gryganskiella cystojenkinii	Gryganskiella	Mortierellaceae	Mortierellales	Mortierellomycetes	Mucoromycota	Opisthokonta					33.322461568828714
barcode21	2494426	0.0008161704606435652	Lentaria gossypina	Lentaria	Lentariaceae	Gomphales	Agaricomycetes	Basidiomycota	Opisthokonta					22.264313995895815
barcode21	93612	0.0014346983038296766	Exserohilum turcicum	Exserohilum	Pleosporaceae	Pleosporales	Dothideomycetes	Ascomycota	Opisthokonta					39.137135030169745
barcode21	507509	0.0008800729188179115	Danielozyma litseae	Danielozyma	Debaryomycetaceae	Serinales	Pichiomycetes	Ascomycota	Opisthokonta					24.00750915243381
barcode21	85575	0.00043518441450789104	Scutellospora calospora	Scutellospora	Gigasporaceae	Diversisporales	Glomeromycetes	Mucoromycota	Opisthokonta					11.87139564336076
barcode21	1906298	0.0008465038418716994	Multiseptospora thysanolaenae	Multiseptospora	Parabambusicolaceae	Pleosporales	Dothideomycetes	Ascomycota	Opisthokonta					23.09177830241809
barcode21	2027812	0.0010947315427225772	Classicula sinensis	Classicula	Classiculaceae	Classiculales	Classiculomycetes	Basidiomycota	Opisthokonta					29.863181753929183
barcode21	1812723	0.0009342024727879424	Leptosporella bambusae	Leptosporella	Leptosporellaceae	Chaetosphaeriales	Sordariomycetes	Ascomycota	Opisthokonta					25.484109255182283
barcode21	5606	0.0011162991063600933	Saitoella complicata	Saitoella				Ascomycota	Opisthokonta					30.451523322396987
unclassified	1485682	0.022460746568813136	Mitosporidium daphniae	Mitosporidium				Microsporidia	Opisthokonta					185.1663947132955
unclassified	693156	0.01562509131031433	Chytridium olla	Chytridium	Chytridiaceae	Chytridiales	Chytridiomycetes	Chytridiomycota	Opisthokonta					128.81325276223134
unclassified	564305	0.043862640550322934	Kwoniella shivajii	Kwoniella	Cryptococcaceae	Tremellales	Tremellomycetes	Basidiomycota	Opisthokonta					361.6036086968623
unclassified	2588764	0.003204248608758184	Archaeospora ecuadoriana	Archaeospora	Archaeosporaceae	Archaeosporales	Glomeromycetes	Mucoromycota	Opisthokonta					26.41582553060247
unclassified	2943438	0.004669997082875028	Hydnum reginae	Hydnum	Hydnaceae	Cantharellales	Agaricomycetes	Basidiomycota	Opisthokonta					38.499455951221734
unclassified	61418	0.004242572248353587	Spiromyces minutus	Spiromyces	Kickxellaceae	Kickxellales	Kickxellomycetes	Zoopagomycota	Opisthokonta					34.97576561542697
unclassified	61395	0.005102825716472289	Linderina pennispora	Linderina	Kickxellaceae	Kickxellales	Kickxellomycetes	Zoopagomycota	Opisthokonta					42.06769520659755
unclassified	2704023	0.004518549399147988	Jimgerdemannia ambigua	Jimgerdemannia	Endogonaceae	Endogonales	Endogonomycetes	Mucoromycota	Opisthokonta					37.25092124657601
unclassified	2704025	0.0043618771558503544	Vinositunica ingens	Vinositunica	Endogonaceae	Endogonales	Endogonomycetes	Mucoromycota	Opisthokonta					35.959315272830324
unclassified	308927	0.008920940454815429	Diversispora spurca	Diversispora	Diversisporaceae	Diversisporales	Glomeromycetes	Mucoromycota	Opisthokonta					73.54423310949839
unclassified	1396493	0.006119697417411066	Fimicolochytrium jonesii	Fimicolochytrium	Powellomycetaceae	Spizellomycetales	Chytridiomycetes	Chytridiomycota	Opisthokonta					50.45078550913683
unclassified	1396496	0.004800038055592257	Thoreauomyces humboldtii	Thoreauomyces	Powellomycetaceae	Spizellomycetales	Chytridiomycetes	Chytridiomycota	Opisthokonta					39.57151373030256
unclassified	42068	0.0049911012334339176	Pneumocystis jirovecii	Pneumocystis	Pneumocystaceae	Pneumocystales	Pneumocystomycetes	Ascomycota	Opisthokonta					41.14663856842922
unclassified	382531	0.0028308992988285153	Protrudomyces lateralis	Protrudomyces	Protrudomycetaceae	Rhizophydiales	Chytridiomycetes	Chytridiomycota	Opisthokonta					23.33793381954228
unclassified	1123529	0.011982146336859399	Gonapodya prolifera	Gonapodya	Gonapodyaceae	Monoblepharidales	Monoblepharidomycetes	Chytridiomycota	Opisthokonta					98.78081440106888
unclassified	1246581	0.0039364580865171245	Paramicrosporidium saccamoebae	Paramicrosporidium				Cryptomycota	Opisthokonta					32.452160465247175
unclassified	417184	0.0034963346129503092	Mycoemilia scoparia	Mycoemilia	Kickxellaceae	Kickxellales	Kickxellomycetes	Zoopagomycota	Opisthokonta					28.82378254916235
unclassified	463800	0.0025314914845590776	Kwoniella mangrovensis	Kwoniella	Cryptococcaceae	Tremellales	Tremellomycetes	Basidiomycota	Opisthokonta					20.869615798705034
unclassified	109760	0.002102786451437154	Spizellomyces punctatus	Spizellomyces	Spizellomycetaceae	Spizellomycetales	Chytridiomycetes	Chytridiomycota	Opisthokonta					17.335371505647895
unclassified	82268	0.004457908531562997	Hyaloraphidium curvatum	Hyaloraphidium		Monoblepharidales	Monoblepharidomycetes	Chytridiomycota	Opisthokonta					36.750997934205344
unclassified	423455	0.00269069806909053	Basidiobolus heterosporus	Basidiobolus	Basidiobolaceae	Basidiobolales	Basidiobolomycetes	Zoopagomycota	Opisthokonta					22.18211488158233
unclassified	134358	0.004295207042531363	Westerdykella cylindrica	Westerdykella	Sporormiaceae	Pleosporales	Dothideomycetes	Ascomycota	Opisthokonta					35.409686858628554
unclassified	4860	0.003935238490651409	Basidiobolus magnus	Basidiobolus	Basidiobolaceae	Basidiobolales	Basidiobolomycetes	Zoopagomycota	Opisthokonta					32.44210611693022
unclassified	13684	0.004162609716306545	Parastagonospora nodorum	Parastagonospora	Phaeosphaeriaceae	Pleosporales	Dothideomycetes	Ascomycota	Opisthokonta					34.31655450123115
unclassified	292281	0.002825494638936228	Gloiocephala aquatica	Gloiocephala	Physalacriaceae	Agaricales	Agaricomycetes	Basidiomycota	Opisthokonta					23.293377803390264
unclassified	181762	0.003567365013073709	Psilocybe cubensis	Psilocybe	Strophariaceae	Agaricales	Agaricomycetes	Basidiomycota	Opisthokonta					29.409357167779657
unclassified	2924977	0.0022203953547673895	Homophron helvolescens	Homophron	Psathyrellaceae	Agaricales	Agaricomycetes	Basidiomycota	Opisthokonta					18.30493930470236
unclassified	1904436	0.0029491604384918684	Puccinia wiehei	Puccinia	Pucciniaceae	Pucciniales	Pucciniomycetes	Basidiomycota	Opisthokonta					24.312878654926962
unclassified	1806994	0.005366748188667151	Synchytrium microbalum	Synchytrium	Synchytriaceae	Synchytriales	Chytridiomycetes	Chytridiomycota	Opisthokonta					44.24347206737199
unclassified	349962	0.00275389968321394	Proceropycnis pinicola	Proceropycnis	Hoehnelomycetaceae	Atractiellales	Atractiellomycetes	Basidiomycota	Opisthokonta					22.703148988415723
unclassified	34475	0.0018130163650170107	Rhodofomes roseus	Rhodofomes	Fomitopsidaceae	Polyporales	Agaricomycetes	Basidiomycota	Opisthokonta					14.946506913200237
